[10:41:53] WORK_LEAF_BENCH_TEMP=/tmp/work-leaf-3feature-bench.5aeGaM
[10:41:53] WORK_LEAF_BENCH_SOURCE_HEAD=c92a0b7060a36eac6db2d869b85e589a7a9480f9
Cloning into '/tmp/work-leaf-3feature-bench.5aeGaM/repo'...
done.
HEAD is now at c92a0b7 FIX compact orchestrator and UI traffic for concurrent agents
[10:41:53] WORK_LEAF_BENCH_BASE=c92a0b7060a36eac6db2d869b85e589a7a9480f9
[10:41:53] daemon URL: http://127.0.0.1:35829
[10:41:53] web UI URL: http://127.0.0.1:38941
[10:41:53] started 3 patch agents
[10:41:53] elapsed=0s busy=true user-1:Launching:-:lines=0:title=add-vim-visual-mode-both-panes | user-2:Launching:-:lines=0:title=implement-strict-selected-agent-slash | user-3:Launching:-:lines=0:title=when-review-process-done-patch-agent
[10:41:59] elapsed=6s busy=true user-1:WaitingForReply:-:lines=2:title=add-vim-visual-mode-both-panes | user-2:Launching:-:lines=0:title=implement-strict-selected-agent-slash | user-3:Launching:-:lines=0:title=when-review-process-done-patch-agent
[10:42:04] elapsed=11s busy=true user-1:WaitingForReply:-:lines=2:title=add-vim-visual-mode-both-panes | user-2:WaitingForReply:-:lines=2:title=implement-strict-selected-agent-slash | user-3:Launching:-:lines=0:title=when-review-process-done-patch-agent
[10:42:09] elapsed=16s busy=true user-1:WaitingForReply:-:lines=4:title=add-vim-visual-mode-both-panes | user-2:WaitingForReply:-:lines=2:title=implement-strict-selected-agent-slash | user-3:WaitingForReply:-:lines=2:title=when-review-process-done-patch-agent
[10:42:14] elapsed=21s busy=true user-1:WaitingForReply:-:lines=4:title=add-vim-visual-mode-both-panes | user-2:WaitingForReply:-:lines=4:title=implement-strict-selected-agent-slash | user-3:WaitingForReply:-:lines=2:title=when-review-process-done-patch-agent
[10:42:19] elapsed=26s busy=true user-1:WaitingForReply:-:lines=4:title=add-vim-visual-mode-both-panes | user-2:WaitingForReply:-:lines=4:title=implement-strict-selected-agent-slash | user-3:WaitingForReply:-:lines=4:title=when-review-process-done-patch-agent
[10:42:24] elapsed=31s busy=true user-1:WaitingForReply:-:lines=7:title=add-vim-visual-mode-both-panes | user-2:WaitingForReply:-:lines=6:title=implement-strict-selected-agent-slash | user-3:WaitingForReply:-:lines=4:title=when-review-process-done-patch-agent
[10:42:29] elapsed=36s busy=true user-1:WaitingForReply:-:lines=7:title=add-vim-visual-mode-both-panes | user-2:WaitingForReply:-:lines=8:title=implement-strict-selected-agent-slash | user-3:WaitingForReply:-:lines=7:title=when-review-process-done-patch-agent
[10:42:34] elapsed=41s busy=true user-1:WaitingForReply:-:lines=12:title=add-vim-visual-mode-both-panes | user-2:WaitingForReply:-:lines=11:title=implement-strict-selected-agent-slash | user-3:WaitingForReply:-:lines=10:title=when-review-process-done-patch-agent
[10:42:39] elapsed=46s busy=true user-1:WaitingForReply:-:lines=12:title=add-vim-visual-mode-both-panes | user-2:WaitingForReply:-:lines=13:title=implement-strict-selected-agent-slash | user-3:WaitingForReply:-:lines=12:title=when-review-process-done-patch-agent
[10:42:44] elapsed=51s busy=true user-1:WaitingForReply:-:lines=19:title=add-vim-visual-mode-both-panes | user-2:WaitingForReply:-:lines=15:title=implement-strict-selected-agent-slash | user-3:WaitingForReply:-:lines=15:title=when-review-process-done-patch-agent
[10:42:49] elapsed=56s busy=true user-1:WaitingForReply:-:lines=19:title=add-vim-visual-mode-both-panes | user-2:WaitingForReply:-:lines=17:title=implement-strict-selected-agent-slash | user-3:WaitingForReply:-:lines=17:title=when-review-process-done-patch-agent
[10:42:54] elapsed=61s busy=true user-1:WaitingForReply:-:lines=26:title=add-vim-visual-mode-both-panes | user-2:WaitingForReply:-:lines=19:title=implement-strict-selected-agent-slash | user-3:WaitingForReply:-:lines=19:title=when-review-process-done-patch-agent
[10:42:59] elapsed=66s busy=true user-1:WaitingForReply:-:lines=31:title=add-vim-visual-mode-both-panes | user-2:WaitingForReply:-:lines=19:title=implement-strict-selected-agent-slash | user-3:WaitingForReply:-:lines=19:title=when-review-process-done-patch-agent
[10:43:04] elapsed=71s busy=true user-1:WaitingForReply:-:lines=34:title=add-vim-visual-mode-both-panes | user-2:WaitingForReply:-:lines=20:title=implement-strict-selected-agent-slash | user-3:WaitingForReply:-:lines=20:title=when-review-process-done-patch-agent
[10:43:09] elapsed=76s busy=true user-1:WaitingForReply:-:lines=34:title=add-vim-visual-mode-both-panes | user-2:WaitingForReply:-:lines=22:title=implement-strict-selected-agent-slash | user-3:WaitingForReply:-:lines=23:title=when-review-process-done-patch-agent
[10:43:14] elapsed=81s busy=true user-1:WaitingForReply:-:lines=35:title=add-vim-visual-mode-both-panes | user-2:WaitingForReply:-:lines=22:title=implement-strict-selected-agent-slash | user-3:WaitingForReply:-:lines=25:title=when-review-process-done-patch-agent
[10:43:19] elapsed=86s busy=true user-1:WaitingForReply:-:lines=37:title=add-vim-visual-mode-both-panes | user-2:WaitingForReply:-:lines=24:title=implement-strict-selected-agent-slash | user-3:WaitingForReply:-:lines=28:title=when-review-process-done-patch-agent
[10:43:24] elapsed=91s busy=true user-1:WaitingForReply:-:lines=43:title=add-vim-visual-mode-both-panes | user-2:WaitingForReply:-:lines=24:title=implement-strict-selected-agent-slash | user-3:WaitingForReply:-:lines=28:title=when-review-process-done-patch-agent
[10:43:29] elapsed=96s busy=true user-1:WaitingForReply:-:lines=46:title=add-vim-visual-mode-both-panes | user-2:WaitingForReply:-:lines=25:title=implement-strict-selected-agent-slash | user-3:WaitingForReply:-:lines=30:title=when-review-process-done-patch-agent
[10:43:35] elapsed=101s busy=true user-1:WaitingForReply:-:lines=46:title=add-vim-visual-mode-both-panes | user-2:WaitingForReply:-:lines=29:title=implement-strict-selected-agent-slash | user-3:WaitingForReply:-:lines=30:title=when-review-process-done-patch-agent
[10:43:40] elapsed=107s busy=true user-1:WaitingForReply:-:lines=47:title=add-vim-visual-mode-both-panes | user-2:WaitingForReply:-:lines=29:title=implement-strict-selected-agent-slash | user-3:WaitingForReply:-:lines=30:title=when-review-process-done-patch-agent
[10:43:45] elapsed=112s busy=true user-1:WaitingForReply:-:lines=51:title=add-vim-visual-mode-both-panes | user-2:WaitingForReply:-:lines=31:title=implement-strict-selected-agent-slash | user-3:WaitingForReply:-:lines=30:title=when-review-process-done-patch-agent
[10:43:50] elapsed=117s busy=true user-1:WaitingForReply:-:lines=51:title=add-vim-visual-mode-both-panes | user-2:WaitingForReply:-:lines=35:title=implement-strict-selected-agent-slash | user-3:WaitingForReply:-:lines=30:title=when-review-process-done-patch-agent
[10:43:55] elapsed=122s busy=true user-1:WaitingForReply:-:lines=53:title=add-vim-visual-mode-both-panes | user-2:WaitingForReply:-:lines=37:title=implement-strict-selected-agent-slash | user-3:WaitingForReply:-:lines=30:title=when-review-process-done-patch-agent
[10:44:00] elapsed=127s busy=true user-1:WaitingForReply:-:lines=53:title=add-vim-visual-mode-both-panes | user-2:WaitingForReply:-:lines=39:title=implement-strict-selected-agent-slash | user-3:WaitingForReply:-:lines=30:title=when-review-process-done-patch-agent
[10:44:05] elapsed=132s busy=true user-1:WaitingForReply:-:lines=55:title=add-vim-visual-mode-both-panes | user-2:WaitingForReply:-:lines=39:title=implement-strict-selected-agent-slash | user-3:WaitingForReply:-:lines=30:title=when-review-process-done-patch-agent
[10:44:10] elapsed=137s busy=true user-1:WaitingForReply:-:lines=55:title=add-vim-visual-mode-both-panes | user-2:WaitingForReply:-:lines=41:title=implement-strict-selected-agent-slash | user-3:WaitingForReply:-:lines=30:title=when-review-process-done-patch-agent
[10:44:20] elapsed=147s busy=true user-1:WaitingForReply:-:lines=55:title=add-vim-visual-mode-both-panes | user-2:WaitingForReply:-:lines=41:title=implement-strict-selected-agent-slash | user-3:WaitingForReply:-:lines=31:title=when-review-process-done-patch-agent
[10:44:25] elapsed=152s busy=true user-1:WaitingForReply:-:lines=55:title=add-vim-visual-mode-both-panes | user-2:WaitingForReply:-:lines=41:title=implement-strict-selected-agent-slash | user-3:WaitingForReply:-:lines=33:title=when-review-process-done-patch-agent
[10:44:30] elapsed=157s busy=true user-1:WaitingForReply:-:lines=55:title=add-vim-visual-mode-both-panes | user-2:WaitingForReply:-:lines=43:title=implement-strict-selected-agent-slash | user-3:WaitingForReply:-:lines=35:title=when-review-process-done-patch-agent
[10:44:35] elapsed=162s busy=true user-1:WaitingForReply:-:lines=55:title=add-vim-visual-mode-both-panes | user-2:WaitingForReply:-:lines=45:title=implement-strict-selected-agent-slash | user-3:WaitingForReply:-:lines=36:title=when-review-process-done-patch-agent
[10:45:05] elapsed=192s busy=true user-1:WaitingForReply:-:lines=55:title=add-vim-visual-mode-both-panes | user-2:WaitingForReply:-:lines=47:title=implement-strict-selected-agent-slash | user-3:WaitingForReply:-:lines=36:title=when-review-process-done-patch-agent
[10:45:10] elapsed=197s busy=true user-1:WaitingForReply:-:lines=55:title=add-vim-visual-mode-both-panes | user-2:WaitingForReply:-:lines=49:title=implement-strict-selected-agent-slash | user-3:WaitingForReply:-:lines=36:title=when-review-process-done-patch-agent
[10:45:21] elapsed=208s busy=true user-1:WaitingForReply:-:lines=55:title=add-vim-visual-mode-both-panes | user-2:WaitingForReply:-:lines=52:title=implement-strict-selected-agent-slash | user-3:WaitingForReply:-:lines=36:title=when-review-process-done-patch-agent
[10:45:31] elapsed=218s busy=true user-1:WaitingForReply:-:lines=55:title=add-vim-visual-mode-both-panes | user-2:WaitingForReply:-:lines=54:title=implement-strict-selected-agent-slash | user-3:WaitingForReply:-:lines=36:title=when-review-process-done-patch-agent
[10:45:36] elapsed=223s busy=true user-1:WaitingForReply:-:lines=55:title=add-vim-visual-mode-both-panes | user-2:WaitingForReply:-:lines=54:title=implement-strict-selected-agent-slash | user-3:WaitingForReply:-:lines=39:title=when-review-process-done-patch-agent
[10:45:51] elapsed=238s busy=true user-1:WaitingForReply:-:lines=55:title=add-vim-visual-mode-both-panes | user-2:WaitingForReply:-:lines=54:title=implement-strict-selected-agent-slash | user-3:WaitingForReply:-:lines=41:title=when-review-process-done-patch-agent
[10:46:06] elapsed=253s busy=true user-1:WaitingForReply:-:lines=55:title=add-vim-visual-mode-both-panes | user-2:WaitingForReply:-:lines=54:title=implement-strict-selected-agent-slash | user-3:WaitingForReply:-:lines=43:title=when-review-process-done-patch-agent
[10:46:11] elapsed=258s busy=true user-1:WaitingForReply:-:lines=55:title=add-vim-visual-mode-both-panes | user-2:WaitingForReply:-:lines=54:title=implement-strict-selected-agent-slash | user-3:WaitingForReply:-:lines=45:title=when-review-process-done-patch-agent
[10:47:12] elapsed=319s busy=true user-1:WaitingForReply:-:lines=55:title=add-vim-visual-mode-both-panes | user-2:WaitingForReply:-:lines=54:title=implement-strict-selected-agent-slash | user-3:WaitingForReply:-:lines=47:title=when-review-process-done-patch-agent
[10:47:17] elapsed=324s busy=true user-1:WaitingForReply:-:lines=55:title=add-vim-visual-mode-both-panes | user-2:WaitingForReply:-:lines=54:title=implement-strict-selected-agent-slash | user-3:WaitingForReply:-:lines=49:title=when-review-process-done-patch-agent
[10:48:12] elapsed=379s busy=true user-1:WaitingForReply:-:lines=55:title=add-vim-visual-mode-both-panes | user-2:WaitingForReply:-:lines=56:title=implement-strict-selected-agent-slash | user-3:WaitingForReply:-:lines=49:title=when-review-process-done-patch-agent
[10:48:27] elapsed=394s busy=true user-1:WaitingForReply:-:lines=55:title=add-vim-visual-mode-both-panes | user-2:WaitingForReply:-:lines=59:title=implement-strict-selected-agent-slash | user-3:WaitingForReply:-:lines=49:title=when-review-process-done-patch-agent
[10:48:38] elapsed=405s busy=true review-user-2:WaitingForReply:-:lines=0:title=review user-agent | user-1:WaitingForReply:-:lines=55:title=add-vim-visual-mode-both-panes | user-2:-:-:lines=63:title=implement-strict-selected-agent-slash | user-3:WaitingForReply:-:lines=49:title=when-review-process-done-patch-agent
[10:48:43] elapsed=410s busy=true review-user-2:WaitingForReply:-:lines=2:title=review user-agent | user-1:WaitingForReply:-:lines=55:title=add-vim-visual-mode-both-panes | user-2:-:-:lines=63:title=implement-strict-selected-agent-slash | user-3:WaitingForReply:-:lines=49:title=when-review-process-done-patch-agent
[10:48:48] elapsed=415s busy=true review-user-2:WaitingForReply:-:lines=2:title=review user-agent | user-1:WaitingForReply:-:lines=55:title=add-vim-visual-mode-both-panes | user-2:-:-:lines=63:title=strict-slash-command-execution | user-3:WaitingForReply:-:lines=49:title=when-review-process-done-patch-agent
[10:48:53] elapsed=420s busy=true review-user-2:WaitingForReply:-:lines=4:title=review user-agent | user-1:WaitingForReply:-:lines=55:title=add-vim-visual-mode-both-panes | user-2:-:-:lines=63:title=strict-slash-command-execution | user-3:WaitingForReply:-:lines=49:title=when-review-process-done-patch-agent
[10:49:03] elapsed=430s busy=true review-user-2:WaitingForReply:-:lines=4:title=review user-agent | user-1:WaitingForReply:-:lines=55:title=add-vim-visual-mode-both-panes | user-2:-:-:lines=63:title=strict-slash-command-execution | user-3:WaitingForReply:-:lines=51:title=when-review-process-done-patch-agent
[10:49:08] elapsed=435s busy=true review-user-2:WaitingForReply:-:lines=7:title=review user-agent | user-1:WaitingForReply:-:lines=55:title=add-vim-visual-mode-both-panes | user-2:-:-:lines=63:title=strict-slash-command-execution | user-3:WaitingForReply:-:lines=51:title=when-review-process-done-patch-agent
[10:49:13] elapsed=440s busy=true review-user-2:WaitingForReply:-:lines=7:title=review user-agent | user-1:WaitingForReply:-:lines=55:title=add-vim-visual-mode-both-panes | user-2:-:-:lines=63:title=strict-slash-command-execution | user-3:WaitingForReply:-:lines=52:title=when-review-process-done-patch-agent
[10:49:18] elapsed=445s busy=true review-user-2:WaitingForReply:-:lines=8:title=review user-agent | user-1:WaitingForReply:-:lines=55:title=add-vim-visual-mode-both-panes | user-2:-:-:lines=63:title=strict-slash-command-execution | user-3:WaitingForReply:-:lines=52:title=when-review-process-done-patch-agent
[10:49:23] elapsed=450s busy=true review-user-2:WaitingForReply:-:lines=11:title=review user-agent | user-1:WaitingForReply:-:lines=55:title=add-vim-visual-mode-both-panes | user-2:-:-:lines=63:title=strict-slash-command-execution | user-3:WaitingForReply:-:lines=52:title=when-review-process-done-patch-agent
[10:49:28] elapsed=455s busy=true review-user-2:WaitingForReply:-:lines=13:title=review user-agent | user-1:WaitingForReply:-:lines=55:title=add-vim-visual-mode-both-panes | user-2:-:-:lines=63:title=strict-slash-command-execution | user-3:WaitingForReply:-:lines=52:title=when-review-process-done-patch-agent
[10:49:33] elapsed=460s busy=true review-user-2:WaitingForReply:-:lines=16:title=review user-agent | user-1:WaitingForReply:-:lines=55:title=add-vim-visual-mode-both-panes | user-2:-:-:lines=63:title=strict-slash-command-execution | user-3:WaitingForReply:-:lines=52:title=when-review-process-done-patch-agent
[10:49:38] elapsed=465s busy=true review-user-2:WaitingForReply:-:lines=18:title=review user-agent | user-1:WaitingForReply:-:lines=55:title=add-vim-visual-mode-both-panes | user-2:-:-:lines=63:title=strict-slash-command-execution | user-3:WaitingForReply:-:lines=52:title=when-review-process-done-patch-agent
[10:49:43] elapsed=470s busy=true review-user-2:WaitingForReply:-:lines=20:title=review user-agent | user-1:WaitingForReply:-:lines=55:title=add-vim-visual-mode-both-panes | user-2:-:-:lines=63:title=strict-slash-command-execution | user-3:WaitingForReply:-:lines=52:title=when-review-process-done-patch-agent
[10:49:48] elapsed=475s busy=true review-user-2:WaitingForReply:-:lines=22:title=review user-agent | user-1:WaitingForReply:-:lines=55:title=add-vim-visual-mode-both-panes | user-2:-:-:lines=63:title=strict-slash-command-execution | user-3:WaitingForReply:-:lines=52:title=when-review-process-done-patch-agent
[10:49:53] elapsed=480s busy=true review-user-2:WaitingForReply:-:lines=24:title=review user-agent | user-1:WaitingForReply:-:lines=55:title=add-vim-visual-mode-both-panes | user-2:-:-:lines=63:title=strict-slash-command-execution | user-3:WaitingForReply:-:lines=52:title=when-review-process-done-patch-agent
[10:49:59] elapsed=486s busy=true review-user-2:WaitingForReply:-:lines=27:title=review user-agent | user-1:WaitingForReply:-:lines=55:title=add-vim-visual-mode-both-panes | user-2:-:-:lines=63:title=strict-slash-command-execution | user-3:WaitingForReply:-:lines=52:title=when-review-process-done-patch-agent
[10:50:04] elapsed=491s busy=true review-user-2:WaitingForReply:-:lines=29:title=review user-agent | user-1:WaitingForReply:-:lines=55:title=add-vim-visual-mode-both-panes | user-2:-:-:lines=63:title=strict-slash-command-execution | user-3:WaitingForReply:-:lines=52:title=when-review-process-done-patch-agent
[10:50:09] elapsed=496s busy=true review-user-2:WaitingForReply:-:lines=30:title=review user-agent | user-1:WaitingForReply:-:lines=55:title=add-vim-visual-mode-both-panes | user-2:-:-:lines=63:title=strict-slash-command-execution | user-3:WaitingForReply:-:lines=52:title=when-review-process-done-patch-agent
[10:50:14] elapsed=501s busy=true review-user-2:WaitingForReply:-:lines=32:title=review user-agent | user-1:WaitingForReply:-:lines=55:title=add-vim-visual-mode-both-panes | user-2:-:-:lines=63:title=strict-slash-command-execution | user-3:WaitingForReply:-:lines=52:title=when-review-process-done-patch-agent
[10:50:19] elapsed=506s busy=true review-user-2:WaitingForReply:-:lines=34:title=review user-agent | user-1:WaitingForReply:-:lines=55:title=add-vim-visual-mode-both-panes | user-2:-:-:lines=63:title=strict-slash-command-execution | user-3:WaitingForReply:-:lines=52:title=when-review-process-done-patch-agent
[10:50:24] elapsed=511s busy=true review-user-2:WaitingForReply:-:lines=37:title=review user-agent | user-1:WaitingForReply:-:lines=55:title=add-vim-visual-mode-both-panes | user-2:-:-:lines=63:title=strict-slash-command-execution | user-3:WaitingForReply:-:lines=52:title=when-review-process-done-patch-agent
[10:50:29] elapsed=516s busy=true review-user-2:WaitingForReply:-:lines=39:title=review user-agent | user-1:WaitingForReply:-:lines=55:title=add-vim-visual-mode-both-panes | user-2:-:-:lines=63:title=strict-slash-command-execution | user-3:WaitingForReply:-:lines=52:title=when-review-process-done-patch-agent
[10:50:34] elapsed=521s busy=true review-user-2:WaitingForReply:-:lines=41:title=review user-agent | user-1:WaitingForReply:-:lines=55:title=add-vim-visual-mode-both-panes | user-2:-:-:lines=63:title=strict-slash-command-execution | user-3:WaitingForReply:-:lines=52:title=when-review-process-done-patch-agent
[10:50:44] elapsed=531s busy=true review-user-2:WaitingForReply:-:lines=42:title=review user-agent | user-1:WaitingForReply:-:lines=55:title=add-vim-visual-mode-both-panes | user-2:-:-:lines=63:title=strict-slash-command-execution | user-3:WaitingForReply:-:lines=52:title=when-review-process-done-patch-agent
[10:50:49] elapsed=536s busy=true review-user-2:WaitingForReply:-:lines=45:title=review user-agent | user-1:WaitingForReply:-:lines=55:title=add-vim-visual-mode-both-panes | user-2:-:-:lines=63:title=strict-slash-command-execution | user-3:WaitingForReply:-:lines=52:title=when-review-process-done-patch-agent
[10:50:54] elapsed=541s busy=true review-user-2:WaitingForReply:-:lines=47:title=review user-agent | user-1:WaitingForReply:-:lines=55:title=add-vim-visual-mode-both-panes | user-2:-:-:lines=63:title=strict-slash-command-execution | user-3:WaitingForReply:-:lines=52:title=when-review-process-done-patch-agent
[10:50:59] elapsed=546s busy=true review-user-2:WaitingForReply:-:lines=50:title=review user-agent | user-1:WaitingForReply:-:lines=55:title=add-vim-visual-mode-both-panes | user-2:-:-:lines=63:title=strict-slash-command-execution | user-3:WaitingForReply:-:lines=52:title=when-review-process-done-patch-agent
[10:51:04] elapsed=551s busy=true review-user-2:WaitingForReply:-:lines=52:title=review user-agent | user-1:WaitingForReply:-:lines=55:title=add-vim-visual-mode-both-panes | user-2:-:-:lines=63:title=strict-slash-command-execution | user-3:WaitingForReply:-:lines=52:title=when-review-process-done-patch-agent
[10:51:15] elapsed=562s busy=true review-user-2:WaitingForReply:-:lines=54:title=review user-agent | user-1:WaitingForReply:-:lines=55:title=add-vim-visual-mode-both-panes | user-2:-:-:lines=63:title=strict-slash-command-execution | user-3:WaitingForReply:-:lines=52:title=when-review-process-done-patch-agent
[10:51:25] elapsed=572s busy=true review-user-2:WaitingForReply:-:lines=56:title=review user-agent | user-1:WaitingForReply:-:lines=57:title=add-vim-visual-mode-both-panes | user-2:-:-:lines=63:title=strict-slash-command-execution | user-3:WaitingForReply:-:lines=54:title=when-review-process-done-patch-agent
[10:51:30] elapsed=577s busy=true review-user-2:WaitingForReply:-:lines=59:title=review user-agent | user-1:WaitingForReply:-:lines=57:title=add-vim-visual-mode-both-panes | user-2:-:-:lines=63:title=strict-slash-command-execution | user-3:WaitingForReply:-:lines=54:title=when-review-process-done-patch-agent
[10:51:35] elapsed=582s busy=true review-user-2:WaitingForReply:-:lines=59:title=review user-agent | user-1:WaitingForReply:-:lines=57:title=add-vim-visual-mode-both-panes | user-2:-:-:lines=63:title=strict-slash-command-execution | user-3:WaitingForReply:-:lines=55:title=when-review-process-done-patch-agent
[10:51:40] elapsed=587s busy=true review-user-2:WaitingForReply:-:lines=61:title=review user-agent | user-1:WaitingForReply:-:lines=58:title=add-vim-visual-mode-both-panes | user-2:-:-:lines=63:title=strict-slash-command-execution | user-3:WaitingForReply:-:lines=57:title=when-review-process-done-patch-agent
[10:51:45] elapsed=592s busy=true review-user-2:WaitingForReply:-:lines=63:title=review user-agent | user-1:WaitingForReply:-:lines=58:title=add-vim-visual-mode-both-panes | user-2:-:-:lines=63:title=strict-slash-command-execution | user-3:WaitingForReply:-:lines=57:title=when-review-process-done-patch-agent
[10:51:50] elapsed=597s busy=true review-user-2:WaitingForReply:-:lines=65:title=review user-agent | user-1:WaitingForReply:-:lines=58:title=add-vim-visual-mode-both-panes | user-2:-:-:lines=63:title=strict-slash-command-execution | user-3:WaitingForReply:-:lines=57:title=when-review-process-done-patch-agent
[10:52:05] elapsed=612s busy=true review-user-2:WaitingForReply:-:lines=66:title=review user-agent | user-1:WaitingForReply:-:lines=58:title=add-vim-visual-mode-both-panes | user-2:-:-:lines=63:title=strict-slash-command-execution | user-3:WaitingForReply:-:lines=57:title=when-review-process-done-patch-agent
[10:52:10] elapsed=617s busy=true review-user-2:WaitingForReply:-:lines=68:title=review user-agent | user-1:WaitingForReply:-:lines=58:title=add-vim-visual-mode-both-panes | user-2:-:-:lines=63:title=strict-slash-command-execution | user-3:WaitingForReply:-:lines=57:title=when-review-process-done-patch-agent
[10:52:16] elapsed=623s busy=true review-user-2:WaitingForReply:-:lines=70:title=review user-agent | user-1:WaitingForReply:-:lines=58:title=add-vim-visual-mode-both-panes | user-2:-:-:lines=63:title=strict-slash-command-execution | user-3:WaitingForReply:-:lines=57:title=when-review-process-done-patch-agent
[10:52:21] elapsed=628s busy=true review-user-2:WaitingForReply:-:lines=72:title=review user-agent | user-1:WaitingForReply:-:lines=58:title=add-vim-visual-mode-both-panes | user-2:-:-:lines=63:title=strict-slash-command-execution | user-3:WaitingForReply:-:lines=57:title=when-review-process-done-patch-agent
[10:52:26] elapsed=633s busy=true review-user-2:WaitingForReply:-:lines=74:title=review user-agent | user-1:WaitingForReply:-:lines=58:title=add-vim-visual-mode-both-panes | user-2:-:-:lines=63:title=strict-slash-command-execution | user-3:WaitingForReply:-:lines=57:title=when-review-process-done-patch-agent
[10:52:51] elapsed=658s busy=true review-user-2:WaitingForReply:-:lines=77:title=review user-agent | user-1:WaitingForReply:-:lines=58:title=add-vim-visual-mode-both-panes | user-2:-:-:lines=63:title=strict-slash-command-execution | user-3:WaitingForReply:-:lines=57:title=when-review-process-done-patch-agent
[10:52:56] elapsed=663s busy=true review-user-2:WaitingForReply:-:lines=79:title=review user-agent | user-1:WaitingForReply:-:lines=58:title=add-vim-visual-mode-both-panes | user-2:-:-:lines=63:title=strict-slash-command-execution | user-3:WaitingForReply:-:lines=57:title=when-review-process-done-patch-agent
[10:53:01] elapsed=668s busy=true review-user-2:WaitingForReply:-:lines=81:title=review user-agent | user-1:WaitingForReply:-:lines=58:title=add-vim-visual-mode-both-panes | user-2:-:-:lines=63:title=strict-slash-command-execution | user-3:WaitingForReply:-:lines=57:title=when-review-process-done-patch-agent
[10:53:06] elapsed=673s busy=true review-user-2:WaitingForReply:-:lines=83:title=review user-agent | user-1:WaitingForReply:-:lines=58:title=add-vim-visual-mode-both-panes | user-2:-:-:lines=63:title=strict-slash-command-execution | user-3:WaitingForReply:-:lines=57:title=when-review-process-done-patch-agent
[10:53:21] elapsed=688s busy=true review-user-2:WaitingForReply:-:lines=84:title=review user-agent | user-1:WaitingForReply:-:lines=58:title=add-vim-visual-mode-both-panes | user-2:WaitingForReply:-:lines=66:title=strict-slash-command-execution | user-3:WaitingForReply:-:lines=57:title=when-review-process-done-patch-agent
[10:53:26] elapsed=693s busy=true review-user-2:WaitingForReply:-:lines=84:title=review user-agent | user-1:WaitingForReply:-:lines=58:title=add-vim-visual-mode-both-panes | user-2:WaitingForReply:-:lines=66:title=strict-slash-command-execution | user-3:WaitingForReply:-:lines=59:title=when-review-process-done-patch-agent
[10:53:32] elapsed=698s busy=true review-user-2:WaitingForReply:-:lines=84:title=review user-agent | user-1:WaitingForReply:-:lines=58:title=add-vim-visual-mode-both-panes | user-2:WaitingForReply:-:lines=69:title=strict-slash-command-execution | user-3:WaitingForReply:-:lines=59:title=when-review-process-done-patch-agent
[10:53:37] elapsed=704s busy=true review-user-2:WaitingForReply:-:lines=84:title=review user-agent | user-1:WaitingForReply:-:lines=58:title=add-vim-visual-mode-both-panes | user-2:WaitingForReply:-:lines=71:title=strict-slash-command-execution | user-3:WaitingForReply:-:lines=59:title=when-review-process-done-patch-agent
[10:53:42] elapsed=709s busy=true review-user-2:WaitingForReply:-:lines=84:title=review user-agent | user-1:WaitingForReply:-:lines=58:title=add-vim-visual-mode-both-panes | user-2:WaitingForReply:-:lines=71:title=strict-slash-command-execution | user-3:WaitingForReply:-:lines=60:title=when-review-process-done-patch-agent
[10:53:52] elapsed=719s busy=true review-user-2:WaitingForReply:-:lines=84:title=review user-agent | user-1:WaitingForReply:-:lines=58:title=add-vim-visual-mode-both-panes | user-2:WaitingForReply:-:lines=76:title=strict-slash-command-execution | user-3:WaitingForReply:-:lines=60:title=when-review-process-done-patch-agent
[10:54:12] elapsed=739s busy=true review-user-2:WaitingForReply:-:lines=84:title=review user-agent | user-1:WaitingForReply:-:lines=58:title=add-vim-visual-mode-both-panes | user-2:WaitingForReply:-:lines=79:title=strict-slash-command-execution | user-3:WaitingForReply:-:lines=60:title=when-review-process-done-patch-agent
[10:54:43] elapsed=769s busy=true review-user-2:WaitingForReply:-:lines=84:title=review user-agent | user-1:WaitingForReply:-:lines=58:title=add-vim-visual-mode-both-panes | user-2:WaitingForReply:-:lines=80:title=strict-slash-command-execution | user-3:WaitingForReply:-:lines=60:title=when-review-process-done-patch-agent
[10:54:53] elapsed=780s busy=true review-user-2:WaitingForReply:-:lines=84:title=review user-agent | user-1:WaitingForReply:-:lines=60:title=add-vim-visual-mode-both-panes | user-2:WaitingForReply:-:lines=80:title=strict-slash-command-execution | user-3:WaitingForReply:-:lines=60:title=when-review-process-done-patch-agent
[10:54:58] elapsed=785s busy=true review-user-2:WaitingForReply:-:lines=84:title=review user-agent | user-1:WaitingForReply:-:lines=60:title=add-vim-visual-mode-both-panes | user-2:WaitingForReply:-:lines=80:title=strict-slash-command-execution | user-3:WaitingForReply:-:lines=62:title=when-review-process-done-patch-agent
[10:55:03] elapsed=790s busy=true review-user-2:WaitingForReply:-:lines=84:title=review user-agent | user-1:WaitingForReply:-:lines=62:title=add-vim-visual-mode-both-panes | user-2:WaitingForReply:-:lines=80:title=strict-slash-command-execution | user-3:WaitingForReply:-:lines=62:title=when-review-process-done-patch-agent
[10:55:08] elapsed=795s busy=true review-user-2:WaitingForReply:-:lines=84:title=review user-agent | user-1:WaitingForReply:-:lines=65:title=add-vim-visual-mode-both-panes | user-2:WaitingForReply:-:lines=82:title=strict-slash-command-execution | user-3:WaitingForReply:-:lines=62:title=when-review-process-done-patch-agent
[10:55:13] elapsed=800s busy=true review-user-2:WaitingForReply:-:lines=84:title=review user-agent | user-1:WaitingForReply:-:lines=67:title=add-vim-visual-mode-both-panes | user-2:WaitingForReply:-:lines=82:title=strict-slash-command-execution | user-3:WaitingForReply:-:lines=63:title=when-review-process-done-patch-agent
[10:55:23] elapsed=810s busy=true review-user-2:WaitingForReply:-:lines=85:title=review user-agent | user-1:WaitingForReply:-:lines=67:title=add-vim-visual-mode-both-panes | user-2:WaitingForReply:-:lines=83:title=strict-slash-command-execution | user-3:WaitingForReply:-:lines=63:title=when-review-process-done-patch-agent
[10:55:28] elapsed=815s busy=true review-user-2:-:-:lines=87:title=review user-agent | user-1:WaitingForReply:-:lines=74:title=add-vim-visual-mode-both-panes | user-2:-:NeedsDecision:lines=85:title=strict-slash-command-execution | user-3:WaitingForReply:-:lines=63:title=when-review-process-done-patch-agent
[10:55:38] elapsed=825s busy=true review-user-2:-:-:lines=87:title=review user-agent | user-1:WaitingForReply:-:lines=80:title=add-vim-visual-mode-both-panes | user-2:-:NeedsDecision:lines=85:title=strict-slash-command-execution | user-3:WaitingForReply:-:lines=63:title=when-review-process-done-patch-agent
[10:55:49] elapsed=836s busy=true review-user-2:-:-:lines=87:title=review user-agent | user-1:WaitingForReply:-:lines=81:title=add-vim-visual-mode-both-panes | user-2:-:NeedsDecision:lines=85:title=strict-slash-command-execution | user-3:WaitingForReply:-:lines=63:title=when-review-process-done-patch-agent
[10:56:04] elapsed=851s busy=true review-user-2:-:-:lines=87:title=review user-agent | user-1:WaitingForReply:-:lines=83:title=add-vim-visual-mode-both-panes | user-2:-:NeedsDecision:lines=85:title=strict-slash-command-execution | user-3:WaitingForReply:-:lines=63:title=when-review-process-done-patch-agent
[10:56:09] elapsed=856s busy=true review-user-2:-:-:lines=87:title=review user-agent | user-1:WaitingForReply:-:lines=88:title=add-vim-visual-mode-both-panes | user-2:-:NeedsDecision:lines=85:title=strict-slash-command-execution | user-3:WaitingForReply:-:lines=63:title=when-review-process-done-patch-agent
[10:56:14] elapsed=861s busy=true review-user-2:-:-:lines=87:title=review user-agent | user-1:WaitingForReply:-:lines=90:title=add-vim-visual-mode-both-panes | user-2:-:NeedsDecision:lines=85:title=strict-slash-command-execution | user-3:WaitingForReply:-:lines=63:title=when-review-process-done-patch-agent
[10:56:29] elapsed=876s busy=true review-user-2:-:-:lines=87:title=review user-agent | user-1:WaitingForReply:-:lines=91:title=add-vim-visual-mode-both-panes | user-2:-:NeedsDecision:lines=85:title=strict-slash-command-execution | user-3:WaitingForReply:-:lines=63:title=when-review-process-done-patch-agent
[10:56:39] elapsed=886s busy=true review-user-2:-:-:lines=87:title=review user-agent | user-1:WaitingForReply:-:lines=93:title=add-vim-visual-mode-both-panes | user-2:-:NeedsDecision:lines=85:title=strict-slash-command-execution | user-3:WaitingForReply:-:lines=63:title=when-review-process-done-patch-agent
[10:56:44] elapsed=891s busy=true review-user-2:-:-:lines=87:title=review user-agent | user-1:WaitingForReply:-:lines=98:title=add-vim-visual-mode-both-panes | user-2:-:NeedsDecision:lines=85:title=strict-slash-command-execution | user-3:WaitingForReply:-:lines=63:title=when-review-process-done-patch-agent
[10:56:49] elapsed=896s busy=true review-user-1:WaitingForReply:-:lines=0:title=review user-agent | review-user-2:-:-:lines=87:title=review user-agent | user-1:-:-:lines=100:title=add-vim-visual-mode-both-panes | user-2:-:NeedsDecision:lines=85:title=strict-slash-command-execution | user-3:WaitingForReply:-:lines=63:title=when-review-process-done-patch-agent
[10:56:55] elapsed=901s busy=true review-user-1:WaitingForReply:-:lines=2:title=review user-agent | review-user-2:-:-:lines=87:title=review user-agent | user-1:-:-:lines=100:title=vim-visual-mode-for-panes | user-2:-:NeedsDecision:lines=85:title=strict-slash-command-execution | user-3:WaitingForReply:-:lines=63:title=when-review-process-done-patch-agent
[10:57:05] elapsed=912s busy=true review-user-1:WaitingForReply:-:lines=4:title=review user-agent | review-user-2:-:-:lines=87:title=review user-agent | user-1:-:-:lines=100:title=vim-visual-mode-for-panes | user-2:-:NeedsDecision:lines=85:title=strict-slash-command-execution | user-3:WaitingForReply:-:lines=65:title=when-review-process-done-patch-agent
[10:57:20] elapsed=927s busy=true review-user-1:WaitingForReply:-:lines=7:title=review user-agent | review-user-2:-:-:lines=87:title=review user-agent | user-1:-:-:lines=100:title=vim-visual-mode-for-panes | user-2:-:NeedsDecision:lines=85:title=strict-slash-command-execution | user-3:WaitingForReply:-:lines=69:title=when-review-process-done-patch-agent
[10:57:25] elapsed=932s busy=true review-user-1:WaitingForReply:-:lines=9:title=review user-agent | review-user-2:-:-:lines=87:title=review user-agent | user-1:-:-:lines=100:title=vim-visual-mode-for-panes | user-2:-:NeedsDecision:lines=85:title=strict-slash-command-execution | user-3:WaitingForReply:-:lines=71:title=when-review-process-done-patch-agent
[10:57:30] elapsed=937s busy=true review-user-1:WaitingForReply:-:lines=15:title=review user-agent | review-user-2:-:-:lines=87:title=review user-agent | user-1:-:-:lines=100:title=vim-visual-mode-for-panes | user-2:-:NeedsDecision:lines=85:title=strict-slash-command-execution | user-3:WaitingForReply:-:lines=71:title=when-review-process-done-patch-agent
[10:57:35] elapsed=942s busy=true review-user-1:WaitingForReply:-:lines=18:title=review user-agent | review-user-2:-:-:lines=87:title=review user-agent | user-1:-:-:lines=100:title=vim-visual-mode-for-panes | user-2:-:NeedsDecision:lines=85:title=strict-slash-command-execution | user-3:WaitingForReply:-:lines=71:title=when-review-process-done-patch-agent
[10:57:45] elapsed=952s busy=true review-user-1:WaitingForReply:-:lines=25:title=review user-agent | review-user-2:-:-:lines=87:title=review user-agent | user-1:-:-:lines=100:title=vim-visual-mode-for-panes | user-2:-:NeedsDecision:lines=85:title=strict-slash-command-execution | user-3:WaitingForReply:-:lines=71:title=when-review-process-done-patch-agent
[10:58:00] elapsed=967s busy=true review-user-1:WaitingForReply:-:lines=25:title=review user-agent | review-user-2:-:-:lines=87:title=review user-agent | user-1:-:-:lines=100:title=vim-visual-mode-for-panes | user-2:-:NeedsDecision:lines=85:title=strict-slash-command-execution | user-3:WaitingForReply:-:lines=73:title=when-review-process-done-patch-agent
[10:58:11] elapsed=978s busy=true review-user-1:WaitingForReply:-:lines=25:title=review user-agent | review-user-2:-:-:lines=87:title=review user-agent | user-1:-:-:lines=100:title=vim-visual-mode-for-panes | user-2:-:NeedsDecision:lines=85:title=strict-slash-command-execution | user-3:WaitingForReply:-:lines=74:title=when-review-process-done-patch-agent
[10:58:16] elapsed=983s busy=true review-user-1:WaitingForReply:-:lines=25:title=review user-agent | review-user-2:-:-:lines=87:title=review user-agent | user-1:-:-:lines=100:title=vim-visual-mode-for-panes | user-2:-:NeedsDecision:lines=85:title=strict-slash-command-execution | user-3:WaitingForReply:-:lines=76:title=when-review-process-done-patch-agent
[10:58:21] elapsed=988s busy=true review-user-1:WaitingForReply:-:lines=25:title=review user-agent | review-user-2:-:-:lines=87:title=review user-agent | user-1:-:-:lines=100:title=vim-visual-mode-for-panes | user-2:-:NeedsDecision:lines=85:title=strict-slash-command-execution | user-3:WaitingForReply:-:lines=77:title=when-review-process-done-patch-agent
[10:58:26] elapsed=993s busy=true review-user-1:WaitingForReply:-:lines=26:title=review user-agent | review-user-2:-:-:lines=87:title=review user-agent | user-1:-:-:lines=100:title=vim-visual-mode-for-panes | user-2:-:NeedsDecision:lines=85:title=strict-slash-command-execution | user-3:WaitingForReply:-:lines=79:title=when-review-process-done-patch-agent
[10:58:31] elapsed=998s busy=true review-user-1:WaitingForReply:-:lines=26:title=review user-agent | review-user-2:-:-:lines=87:title=review user-agent | user-1:-:-:lines=100:title=vim-visual-mode-for-panes | user-2:-:NeedsDecision:lines=85:title=strict-slash-command-execution | user-3:WaitingForReply:-:lines=81:title=when-review-process-done-patch-agent
[10:58:36] elapsed=1003s busy=true review-user-1:WaitingForReply:-:lines=28:title=review user-agent | review-user-2:-:-:lines=87:title=review user-agent | user-1:-:-:lines=100:title=vim-visual-mode-for-panes | user-2:-:NeedsDecision:lines=85:title=strict-slash-command-execution | user-3:WaitingForReply:-:lines=87:title=when-review-process-done-patch-agent
[10:58:41] elapsed=1008s busy=true review-user-1:WaitingForReply:-:lines=28:title=review user-agent | review-user-2:-:-:lines=87:title=review user-agent | review-user-3:WaitingForReply:-:lines=0:title=review user-agent | user-1:-:-:lines=100:title=vim-visual-mode-for-panes | user-2:-:NeedsDecision:lines=85:title=strict-slash-command-execution | user-3:-:-:lines=89:title=when-review-process-done-patch-agent
[10:58:46] elapsed=1013s busy=true review-user-1:WaitingForReply:-:lines=32:title=review user-agent | review-user-2:-:-:lines=87:title=review user-agent | review-user-3:WaitingForReply:-:lines=2:title=review user-agent | user-1:-:-:lines=100:title=vim-visual-mode-for-panes | user-2:-:NeedsDecision:lines=85:title=strict-slash-command-execution | user-3:-:-:lines=89:title=review-done-agent-highlight-confirmation
[10:58:56] elapsed=1023s busy=true review-user-1:WaitingForReply:-:lines=32:title=review user-agent | review-user-2:-:-:lines=87:title=review user-agent | review-user-3:WaitingForReply:-:lines=4:title=review user-agent | user-1:-:-:lines=100:title=vim-visual-mode-for-panes | user-2:-:NeedsDecision:lines=85:title=strict-slash-command-execution | user-3:-:-:lines=89:title=review-done-agent-highlight-confirmation
[10:59:06] elapsed=1033s busy=true review-user-1:WaitingForReply:-:lines=32:title=review user-agent | review-user-2:-:-:lines=87:title=review user-agent | review-user-3:WaitingForReply:-:lines=7:title=review user-agent | user-1:-:-:lines=100:title=vim-visual-mode-for-panes | user-2:-:NeedsDecision:lines=85:title=strict-slash-command-execution | user-3:-:-:lines=89:title=review-done-agent-highlight-confirmation
[10:59:16] elapsed=1043s busy=true review-user-1:WaitingForReply:-:lines=32:title=review user-agent | review-user-2:-:-:lines=87:title=review user-agent | review-user-3:WaitingForReply:-:lines=16:title=review user-agent | user-1:-:-:lines=100:title=vim-visual-mode-for-panes | user-2:-:NeedsDecision:lines=85:title=strict-slash-command-execution | user-3:-:-:lines=89:title=review-done-agent-highlight-confirmation
[10:59:27] elapsed=1054s busy=true review-user-1:WaitingForReply:-:lines=34:title=review user-agent | review-user-2:-:-:lines=87:title=review user-agent | review-user-3:WaitingForReply:-:lines=16:title=review user-agent | user-1:-:-:lines=100:title=vim-visual-mode-for-panes | user-2:-:NeedsDecision:lines=85:title=strict-slash-command-execution | user-3:-:-:lines=89:title=review-done-agent-highlight-confirmation
[10:59:37] elapsed=1064s busy=true review-user-1:WaitingForReply:-:lines=35:title=review user-agent | review-user-2:-:-:lines=87:title=review user-agent | review-user-3:WaitingForReply:-:lines=16:title=review user-agent | user-1:-:-:lines=100:title=vim-visual-mode-for-panes | user-2:-:NeedsDecision:lines=85:title=strict-slash-command-execution | user-3:-:-:lines=89:title=review-done-agent-highlight-confirmation
[10:59:42] elapsed=1069s busy=true review-user-1:WaitingForReply:-:lines=39:title=review user-agent | review-user-2:-:-:lines=87:title=review user-agent | review-user-3:WaitingForReply:-:lines=26:title=review user-agent | user-1:-:-:lines=100:title=vim-visual-mode-for-panes | user-2:-:NeedsDecision:lines=85:title=strict-slash-command-execution | user-3:-:-:lines=89:title=review-done-agent-highlight-confirmation
[10:59:52] elapsed=1079s busy=true review-user-1:WaitingForReply:-:lines=41:title=review user-agent | review-user-2:-:-:lines=87:title=review user-agent | review-user-3:WaitingForReply:-:lines=26:title=review user-agent | user-1:-:-:lines=100:title=vim-visual-mode-for-panes | user-2:-:NeedsDecision:lines=85:title=strict-slash-command-execution | user-3:-:-:lines=89:title=review-done-agent-highlight-confirmation
[10:59:57] elapsed=1084s busy=true review-user-1:WaitingForReply:-:lines=41:title=review user-agent | review-user-2:-:-:lines=87:title=review user-agent | review-user-3:WaitingForReply:-:lines=35:title=review user-agent | user-1:-:-:lines=100:title=vim-visual-mode-for-panes | user-2:-:NeedsDecision:lines=85:title=strict-slash-command-execution | user-3:-:-:lines=89:title=review-done-agent-highlight-confirmation
[11:00:02] elapsed=1089s busy=true review-user-1:WaitingForReply:-:lines=41:title=review user-agent | review-user-2:-:-:lines=87:title=review user-agent | review-user-3:WaitingForReply:-:lines=37:title=review user-agent | user-1:-:-:lines=100:title=vim-visual-mode-for-panes | user-2:-:NeedsDecision:lines=85:title=strict-slash-command-execution | user-3:-:-:lines=89:title=review-done-agent-highlight-confirmation
[11:00:07] elapsed=1094s busy=true review-user-1:WaitingForReply:-:lines=41:title=review user-agent | review-user-2:-:-:lines=87:title=review user-agent | review-user-3:WaitingForReply:-:lines=39:title=review user-agent | user-1:-:-:lines=100:title=vim-visual-mode-for-panes | user-2:-:NeedsDecision:lines=85:title=strict-slash-command-execution | user-3:-:-:lines=89:title=review-done-agent-highlight-confirmation
[11:00:17] elapsed=1104s busy=true review-user-1:WaitingForReply:-:lines=41:title=review user-agent | review-user-2:-:-:lines=87:title=review user-agent | review-user-3:WaitingForReply:-:lines=41:title=review user-agent | user-1:-:-:lines=100:title=vim-visual-mode-for-panes | user-2:-:NeedsDecision:lines=85:title=strict-slash-command-execution | user-3:-:-:lines=89:title=review-done-agent-highlight-confirmation
[11:00:22] elapsed=1109s busy=true review-user-1:WaitingForReply:-:lines=41:title=review user-agent | review-user-2:-:-:lines=87:title=review user-agent | review-user-3:WaitingForReply:-:lines=43:title=review user-agent | user-1:-:-:lines=100:title=vim-visual-mode-for-panes | user-2:-:NeedsDecision:lines=85:title=strict-slash-command-execution | user-3:-:-:lines=89:title=review-done-agent-highlight-confirmation
[11:00:27] elapsed=1114s busy=true review-user-1:WaitingForReply:-:lines=42:title=review user-agent | review-user-2:-:-:lines=87:title=review user-agent | review-user-3:WaitingForReply:-:lines=45:title=review user-agent | user-1:WaitingForReply:-:lines=103:title=vim-visual-mode-for-panes | user-2:-:NeedsDecision:lines=85:title=strict-slash-command-execution | user-3:-:-:lines=89:title=review-done-agent-highlight-confirmation
[11:00:32] elapsed=1119s busy=true review-user-1:WaitingForReply:-:lines=42:title=review user-agent | review-user-2:-:-:lines=87:title=review user-agent | review-user-3:WaitingForReply:-:lines=47:title=review user-agent | user-1:WaitingForReply:-:lines=103:title=vim-visual-mode-for-panes | user-2:-:NeedsDecision:lines=85:title=strict-slash-command-execution | user-3:-:-:lines=89:title=review-done-agent-highlight-confirmation
[11:00:43] elapsed=1130s busy=true review-user-1:WaitingForReply:-:lines=42:title=review user-agent | review-user-2:-:-:lines=87:title=review user-agent | review-user-3:WaitingForReply:-:lines=48:title=review user-agent | user-1:WaitingForReply:-:lines=104:title=vim-visual-mode-for-panes | user-2:-:NeedsDecision:lines=85:title=strict-slash-command-execution | user-3:-:-:lines=89:title=review-done-agent-highlight-confirmation
[11:00:48] elapsed=1135s busy=true review-user-1:WaitingForReply:-:lines=42:title=review user-agent | review-user-2:-:-:lines=87:title=review user-agent | review-user-3:WaitingForReply:-:lines=50:title=review user-agent | user-1:WaitingForReply:-:lines=106:title=vim-visual-mode-for-panes | user-2:-:NeedsDecision:lines=85:title=strict-slash-command-execution | user-3:-:-:lines=89:title=review-done-agent-highlight-confirmation
[11:00:53] elapsed=1140s busy=true review-user-1:WaitingForReply:-:lines=42:title=review user-agent | review-user-2:-:-:lines=87:title=review user-agent | review-user-3:WaitingForReply:-:lines=50:title=review user-agent | user-1:WaitingForReply:-:lines=108:title=vim-visual-mode-for-panes | user-2:-:NeedsDecision:lines=85:title=strict-slash-command-execution | user-3:-:-:lines=89:title=review-done-agent-highlight-confirmation
[11:01:08] elapsed=1155s busy=true review-user-1:WaitingForReply:-:lines=42:title=review user-agent | review-user-2:-:-:lines=87:title=review user-agent | review-user-3:WaitingForReply:-:lines=52:title=review user-agent | user-1:WaitingForReply:-:lines=111:title=vim-visual-mode-for-panes | user-2:-:NeedsDecision:lines=85:title=strict-slash-command-execution | user-3:-:-:lines=89:title=review-done-agent-highlight-confirmation
[11:01:13] elapsed=1160s busy=true review-user-1:WaitingForReply:-:lines=42:title=review user-agent | review-user-2:-:-:lines=87:title=review user-agent | review-user-3:WaitingForReply:-:lines=56:title=review user-agent | user-1:WaitingForReply:-:lines=113:title=vim-visual-mode-for-panes | user-2:-:NeedsDecision:lines=85:title=strict-slash-command-execution | user-3:-:-:lines=89:title=review-done-agent-highlight-confirmation
[11:01:18] elapsed=1165s busy=true review-user-1:WaitingForReply:-:lines=43:title=review user-agent | review-user-2:-:-:lines=87:title=review user-agent | review-user-3:WaitingForReply:-:lines=57:title=review user-agent | user-1:WaitingForReply:-:lines=114:title=vim-visual-mode-for-panes | user-2:-:NeedsDecision:lines=85:title=strict-slash-command-execution | user-3:-:-:lines=89:title=review-done-agent-highlight-confirmation
[11:01:23] elapsed=1170s busy=true review-user-1:WaitingForReply:-:lines=43:title=review user-agent | review-user-2:-:-:lines=87:title=review user-agent | review-user-3:WaitingForReply:-:lines=59:title=review user-agent | user-1:WaitingForReply:-:lines=114:title=vim-visual-mode-for-panes | user-2:-:NeedsDecision:lines=85:title=strict-slash-command-execution | user-3:-:-:lines=89:title=review-done-agent-highlight-confirmation
[11:01:28] elapsed=1175s busy=true review-user-1:WaitingForReply:-:lines=45:title=review user-agent | review-user-2:-:-:lines=87:title=review user-agent | review-user-3:WaitingForReply:-:lines=59:title=review user-agent | user-1:WaitingForReply:-:lines=114:title=vim-visual-mode-for-panes | user-2:-:NeedsDecision:lines=85:title=strict-slash-command-execution | user-3:-:-:lines=89:title=review-done-agent-highlight-confirmation
[11:01:33] elapsed=1180s busy=true review-user-1:WaitingForReply:-:lines=45:title=review user-agent | review-user-2:-:-:lines=87:title=review user-agent | review-user-3:WaitingForReply:-:lines=61:title=review user-agent | user-1:WaitingForReply:-:lines=114:title=vim-visual-mode-for-panes | user-2:-:NeedsDecision:lines=85:title=strict-slash-command-execution | user-3:-:-:lines=89:title=review-done-agent-highlight-confirmation
[11:01:49] elapsed=1195s busy=true review-user-1:WaitingForReply:-:lines=45:title=review user-agent | review-user-2:-:-:lines=87:title=review user-agent | review-user-3:WaitingForReply:-:lines=64:title=review user-agent | user-1:WaitingForReply:-:lines=114:title=vim-visual-mode-for-panes | user-2:-:NeedsDecision:lines=85:title=strict-slash-command-execution | user-3:-:-:lines=89:title=review-done-agent-highlight-confirmation
[11:01:59] elapsed=1206s busy=true review-user-1:WaitingForReply:-:lines=45:title=review user-agent | review-user-2:-:-:lines=87:title=review user-agent | review-user-3:WaitingForReply:-:lines=66:title=review user-agent | user-1:WaitingForReply:-:lines=114:title=vim-visual-mode-for-panes | user-2:-:NeedsDecision:lines=85:title=strict-slash-command-execution | user-3:-:-:lines=89:title=review-done-agent-highlight-confirmation
[11:02:29] elapsed=1236s busy=true review-user-1:WaitingForReply:-:lines=45:title=review user-agent | review-user-2:-:-:lines=87:title=review user-agent | review-user-3:WaitingForReply:-:lines=67:title=review user-agent | user-1:WaitingForReply:-:lines=114:title=vim-visual-mode-for-panes | user-2:-:NeedsDecision:lines=85:title=strict-slash-command-execution | user-3:WaitingForReply:-:lines=92:title=review-done-agent-highlight-confirmation
[11:02:34] elapsed=1241s busy=true review-user-1:WaitingForReply:-:lines=46:title=review user-agent | review-user-2:-:-:lines=87:title=review user-agent | review-user-3:WaitingForReply:-:lines=67:title=review user-agent | user-1:WaitingForReply:-:lines=117:title=vim-visual-mode-for-panes | user-2:-:NeedsDecision:lines=85:title=strict-slash-command-execution | user-3:WaitingForReply:-:lines=92:title=review-done-agent-highlight-confirmation
[11:02:39] elapsed=1246s busy=true review-user-1:WaitingForReply:-:lines=47:title=review user-agent | review-user-2:-:-:lines=87:title=review user-agent | review-user-3:WaitingForReply:-:lines=67:title=review user-agent | user-1:WaitingForReply:-:lines=118:title=vim-visual-mode-for-panes | user-2:-:NeedsDecision:lines=85:title=strict-slash-command-execution | user-3:WaitingForReply:-:lines=92:title=review-done-agent-highlight-confirmation
[11:02:49] elapsed=1256s busy=true review-user-1:-:-:lines=49:title=review user-agent | review-user-2:-:-:lines=87:title=review user-agent | review-user-3:WaitingForReply:-:lines=67:title=review user-agent | user-1:-:NeedsDecision:lines=120:title=vim-visual-mode-for-panes | user-2:-:NeedsDecision:lines=85:title=strict-slash-command-execution | user-3:WaitingForReply:-:lines=92:title=review-done-agent-highlight-confirmation
[11:02:54] elapsed=1261s busy=true review-user-1:-:-:lines=49:title=review user-agent | review-user-2:-:-:lines=87:title=review user-agent | review-user-3:WaitingForReply:-:lines=67:title=review user-agent | user-1:-:NeedsDecision:lines=120:title=vim-visual-mode-for-panes | user-2:-:NeedsDecision:lines=85:title=strict-slash-command-execution | user-3:WaitingForReply:-:lines=95:title=review-done-agent-highlight-confirmation
[11:02:59] elapsed=1266s busy=true review-user-1:-:-:lines=49:title=review user-agent | review-user-2:-:-:lines=87:title=review user-agent | review-user-3:WaitingForReply:-:lines=67:title=review user-agent | user-1:-:NeedsDecision:lines=120:title=vim-visual-mode-for-panes | user-2:-:NeedsDecision:lines=85:title=strict-slash-command-execution | user-3:WaitingForReply:-:lines=97:title=review-done-agent-highlight-confirmation
[11:03:10] elapsed=1277s busy=true review-user-1:-:-:lines=49:title=review user-agent | review-user-2:-:-:lines=87:title=review user-agent | review-user-3:WaitingForReply:-:lines=68:title=review user-agent | user-1:-:NeedsDecision:lines=120:title=vim-visual-mode-for-panes | user-2:-:NeedsDecision:lines=85:title=strict-slash-command-execution | user-3:WaitingForReply:-:lines=98:title=review-done-agent-highlight-confirmation
[11:03:25] elapsed=1292s busy=true review-user-1:-:-:lines=49:title=review user-agent | review-user-2:-:-:lines=87:title=review user-agent | review-user-3:WaitingForReply:-:lines=69:title=review user-agent | user-1:-:NeedsDecision:lines=120:title=vim-visual-mode-for-panes | user-2:-:NeedsDecision:lines=85:title=strict-slash-command-execution | user-3:WaitingForReply:-:lines=101:title=review-done-agent-highlight-confirmation
[11:03:55] elapsed=1322s busy=true review-user-1:-:-:lines=49:title=review user-agent | review-user-2:-:-:lines=87:title=review user-agent | review-user-3:WaitingForReply:-:lines=69:title=review user-agent | user-1:-:NeedsDecision:lines=120:title=vim-visual-mode-for-panes | user-2:-:NeedsDecision:lines=85:title=strict-slash-command-execution | user-3:WaitingForReply:-:lines=103:title=review-done-agent-highlight-confirmation
[11:04:05] elapsed=1332s busy=true review-user-1:-:-:lines=49:title=review user-agent | review-user-2:-:-:lines=87:title=review user-agent | review-user-3:WaitingForReply:-:lines=69:title=review user-agent | user-1:-:NeedsDecision:lines=120:title=vim-visual-mode-for-panes | user-2:-:NeedsDecision:lines=85:title=strict-slash-command-execution | user-3:WaitingForReply:-:lines=104:title=review-done-agent-highlight-confirmation
[11:04:10] elapsed=1337s busy=true review-user-1:-:-:lines=49:title=review user-agent | review-user-2:-:-:lines=87:title=review user-agent | review-user-3:WaitingForReply:-:lines=69:title=review user-agent | user-1:-:NeedsDecision:lines=120:title=vim-visual-mode-for-panes | user-2:-:NeedsDecision:lines=85:title=strict-slash-command-execution | user-3:WaitingForReply:-:lines=107:title=review-done-agent-highlight-confirmation
[11:04:16] elapsed=1342s busy=true review-user-1:-:-:lines=49:title=review user-agent | review-user-2:-:-:lines=87:title=review user-agent | review-user-3:WaitingForReply:-:lines=69:title=review user-agent | user-1:-:NeedsDecision:lines=120:title=vim-visual-mode-for-panes | user-2:-:NeedsDecision:lines=85:title=strict-slash-command-execution | user-3:WaitingForReply:-:lines=109:title=review-done-agent-highlight-confirmation
[11:04:21] elapsed=1348s busy=true review-user-1:-:-:lines=49:title=review user-agent | review-user-2:-:-:lines=87:title=review user-agent | review-user-3:WaitingForReply:-:lines=69:title=review user-agent | user-1:-:NeedsDecision:lines=120:title=vim-visual-mode-for-panes | user-2:-:NeedsDecision:lines=85:title=strict-slash-command-execution | user-3:WaitingForReply:-:lines=110:title=review-done-agent-highlight-confirmation
[11:04:26] elapsed=1353s busy=true review-user-1:-:-:lines=49:title=review user-agent | review-user-2:-:-:lines=87:title=review user-agent | review-user-3:WaitingForReply:-:lines=69:title=review user-agent | user-1:-:NeedsDecision:lines=120:title=vim-visual-mode-for-panes | user-2:-:NeedsDecision:lines=85:title=strict-slash-command-execution | user-3:WaitingForReply:-:lines=112:title=review-done-agent-highlight-confirmation
[11:05:32] elapsed=1418s busy=true review-user-1:-:-:lines=49:title=review user-agent | review-user-2:-:-:lines=87:title=review user-agent | review-user-3:WaitingForReply:-:lines=69:title=review user-agent | user-1:-:NeedsDecision:lines=120:title=vim-visual-mode-for-panes | user-2:-:NeedsDecision:lines=85:title=strict-slash-command-execution | user-3:WaitingForReply:-:lines=117:title=review-done-agent-highlight-confirmation
[11:05:47] elapsed=1434s busy=true review-user-1:-:-:lines=49:title=review user-agent | review-user-2:-:-:lines=87:title=review user-agent | review-user-3:WaitingForReply:-:lines=69:title=review user-agent | user-1:-:NeedsDecision:lines=120:title=vim-visual-mode-for-panes | user-2:-:NeedsDecision:lines=85:title=strict-slash-command-execution | user-3:WaitingForReply:-:lines=118:title=review-done-agent-highlight-confirmation
[11:06:07] elapsed=1454s busy=true review-user-1:-:-:lines=49:title=review user-agent | review-user-2:-:-:lines=87:title=review user-agent | review-user-3:WaitingForReply:-:lines=69:title=review user-agent | user-1:-:NeedsDecision:lines=120:title=vim-visual-mode-for-panes | user-2:-:NeedsDecision:lines=85:title=strict-slash-command-execution | user-3:WaitingForReply:-:lines=119:title=review-done-agent-highlight-confirmation
[11:06:17] elapsed=1464s busy=true review-user-1:-:-:lines=49:title=review user-agent | review-user-2:-:-:lines=87:title=review user-agent | review-user-3:WaitingForReply:-:lines=69:title=review user-agent | user-1:-:NeedsDecision:lines=120:title=vim-visual-mode-for-panes | user-2:-:NeedsDecision:lines=85:title=strict-slash-command-execution | user-3:WaitingForReply:-:lines=122:title=review-done-agent-highlight-confirmation
[11:06:22] elapsed=1469s busy=true review-user-1:-:-:lines=49:title=review user-agent | review-user-2:-:-:lines=87:title=review user-agent | review-user-3:WaitingForReply:-:lines=69:title=review user-agent | user-1:-:NeedsDecision:lines=120:title=vim-visual-mode-for-panes | user-2:-:NeedsDecision:lines=85:title=strict-slash-command-execution | user-3:WaitingForReply:-:lines=124:title=review-done-agent-highlight-confirmation
[11:06:27] elapsed=1474s busy=true review-user-1:-:-:lines=49:title=review user-agent | review-user-2:-:-:lines=87:title=review user-agent | review-user-3:WaitingForReply:-:lines=69:title=review user-agent | user-1:-:NeedsDecision:lines=120:title=vim-visual-mode-for-panes | user-2:-:NeedsDecision:lines=85:title=strict-slash-command-execution | user-3:WaitingForReply:-:lines=127:title=review-done-agent-highlight-confirmation
[11:06:32] elapsed=1479s busy=true review-user-1:-:-:lines=49:title=review user-agent | review-user-2:-:-:lines=87:title=review user-agent | review-user-3:WaitingForReply:-:lines=69:title=review user-agent | user-1:-:NeedsDecision:lines=120:title=vim-visual-mode-for-panes | user-2:-:NeedsDecision:lines=85:title=strict-slash-command-execution | user-3:WaitingForReply:-:lines=128:title=review-done-agent-highlight-confirmation
[11:06:37] elapsed=1484s busy=true review-user-1:-:-:lines=49:title=review user-agent | review-user-2:-:-:lines=87:title=review user-agent | review-user-3:WaitingForReply:-:lines=69:title=review user-agent | user-1:-:NeedsDecision:lines=120:title=vim-visual-mode-for-panes | user-2:-:NeedsDecision:lines=85:title=strict-slash-command-execution | user-3:WaitingForReply:-:lines=130:title=review-done-agent-highlight-confirmation
[11:07:13] elapsed=1520s busy=true review-user-1:-:-:lines=49:title=review user-agent | review-user-2:-:-:lines=87:title=review user-agent | review-user-3:WaitingForReply:-:lines=69:title=review user-agent | user-1:-:NeedsDecision:lines=120:title=vim-visual-mode-for-panes | user-2:-:NeedsDecision:lines=85:title=strict-slash-command-execution | user-3:WaitingForReply:-:lines=132:title=review-done-agent-highlight-confirmation
[11:07:43] elapsed=1550s busy=true review-user-1:-:-:lines=49:title=review user-agent | review-user-2:-:-:lines=87:title=review user-agent | review-user-3:WaitingForReply:-:lines=69:title=review user-agent | user-1:-:NeedsDecision:lines=120:title=vim-visual-mode-for-panes | user-2:-:NeedsDecision:lines=85:title=strict-slash-command-execution | user-3:WaitingForReply:-:lines=134:title=review-done-agent-highlight-confirmation
[11:08:14] elapsed=1581s busy=true review-user-1:-:-:lines=49:title=review user-agent | review-user-2:-:-:lines=87:title=review user-agent | review-user-3:WaitingForReply:-:lines=69:title=review user-agent | user-1:-:NeedsDecision:lines=120:title=vim-visual-mode-for-panes | user-2:-:NeedsDecision:lines=85:title=strict-slash-command-execution | user-3:WaitingForReply:-:lines=137:title=review-done-agent-highlight-confirmation
[11:08:44] elapsed=1611s busy=true review-user-1:-:-:lines=49:title=review user-agent | review-user-2:-:-:lines=87:title=review user-agent | review-user-3:WaitingForReply:-:lines=69:title=review user-agent | user-1:-:NeedsDecision:lines=120:title=vim-visual-mode-for-panes | user-2:-:NeedsDecision:lines=85:title=strict-slash-command-execution | user-3:WaitingForReply:-:lines=138:title=review-done-agent-highlight-confirmation
[11:09:09] elapsed=1636s busy=true review-user-1:-:-:lines=49:title=review user-agent | review-user-2:-:-:lines=87:title=review user-agent | review-user-3:WaitingForReply:-:lines=69:title=review user-agent | user-1:-:NeedsDecision:lines=120:title=vim-visual-mode-for-panes | user-2:-:NeedsDecision:lines=85:title=strict-slash-command-execution | user-3:WaitingForReply:-:lines=139:title=review-done-agent-highlight-confirmation
[11:09:40] elapsed=1667s busy=true review-user-1:-:-:lines=49:title=review user-agent | review-user-2:-:-:lines=87:title=review user-agent | review-user-3:WaitingForReply:-:lines=69:title=review user-agent | user-1:-:NeedsDecision:lines=120:title=vim-visual-mode-for-panes | user-2:-:NeedsDecision:lines=85:title=strict-slash-command-execution | user-3:WaitingForReply:-:lines=140:title=review-done-agent-highlight-confirmation
[11:10:10] elapsed=1697s busy=true review-user-1:-:-:lines=49:title=review user-agent | review-user-2:-:-:lines=87:title=review user-agent | review-user-3:WaitingForReply:-:lines=69:title=review user-agent | user-1:-:NeedsDecision:lines=120:title=vim-visual-mode-for-panes | user-2:-:NeedsDecision:lines=85:title=strict-slash-command-execution | user-3:WaitingForReply:-:lines=141:title=review-done-agent-highlight-confirmation
[11:10:41] elapsed=1728s busy=true review-user-1:-:-:lines=49:title=review user-agent | review-user-2:-:-:lines=87:title=review user-agent | review-user-3:WaitingForReply:-:lines=69:title=review user-agent | user-1:-:NeedsDecision:lines=120:title=vim-visual-mode-for-panes | user-2:-:NeedsDecision:lines=85:title=strict-slash-command-execution | user-3:WaitingForReply:-:lines=142:title=review-done-agent-highlight-confirmation
[11:11:01] elapsed=1748s busy=true review-user-1:-:-:lines=49:title=review user-agent | review-user-2:-:-:lines=87:title=review user-agent | review-user-3:WaitingForReply:-:lines=69:title=review user-agent | user-1:-:NeedsDecision:lines=120:title=vim-visual-mode-for-panes | user-2:-:NeedsDecision:lines=85:title=strict-slash-command-execution | user-3:WaitingForReply:-:lines=144:title=review-done-agent-highlight-confirmation
[11:11:06] elapsed=1753s busy=true review-user-1:-:-:lines=49:title=review user-agent | review-user-2:-:-:lines=87:title=review user-agent | review-user-3:WaitingForReply:-:lines=70:title=review user-agent | user-1:-:NeedsDecision:lines=120:title=vim-visual-mode-for-panes | user-2:-:NeedsDecision:lines=85:title=strict-slash-command-execution | user-3:WaitingForReply:-:lines=145:title=review-done-agent-highlight-confirmation
[11:11:16] elapsed=1763s busy=false review-user-1:-:-:lines=49:title=review user-agent | review-user-2:-:-:lines=87:title=review user-agent | review-user-3:-:-:lines=72:title=review user-agent | user-1:-:NeedsDecision:lines=120:title=vim-visual-mode-for-panes | user-2:-:NeedsDecision:lines=85:title=strict-slash-command-execution | user-3:-:NeedsDecision:lines=147:title=review-done-agent-highlight-confirmation
[11:11:16] all patch agents done and 3 patch-agent commit(s) reviewed; launching force-linearize
[11:11:21] elapsed=1768s busy=true linearize:Launching:-:lines=0:title=linearize reviewed patches | review-user-1:-:-:lines=50:title=review user-agent | review-user-2:-:-:lines=88:title=review user-agent | review-user-3:-:-:lines=73:title=review user-agent | user-1:-:NeedsDecision:lines=121:title=vim-visual-mode-for-panes | user-2:-:NeedsDecision:lines=86:title=strict-slash-command-execution | user-3:-:NeedsDecision:lines=148:title=review-done-agent-highlight-confirmation
[11:11:26] elapsed=1773s busy=true linearize:WaitingForReply:-:lines=2:title=linearize reviewed patches | review-user-1:-:-:lines=50:title=review user-agent | review-user-2:-:-:lines=88:title=review user-agent | review-user-3:-:-:lines=73:title=review user-agent | user-1:-:NeedsDecision:lines=121:title=vim-visual-mode-for-panes | user-2:-:NeedsDecision:lines=86:title=strict-slash-command-execution | user-3:-:NeedsDecision:lines=148:title=review-done-agent-highlight-confirmation
[11:11:41] elapsed=1788s busy=true linearize:WaitingForReply:-:lines=11:title=linearize reviewed patches | review-user-1:-:-:lines=50:title=review user-agent | review-user-2:-:-:lines=88:title=review user-agent | review-user-3:-:-:lines=73:title=review user-agent | user-1:-:NeedsDecision:lines=121:title=vim-visual-mode-for-panes | user-2:-:NeedsDecision:lines=86:title=strict-slash-command-execution | user-3:-:NeedsDecision:lines=148:title=review-done-agent-highlight-confirmation
[11:11:57] elapsed=1804s busy=true linearize:WaitingForReply:-:lines=22:title=linearize reviewed patches | review-user-1:-:-:lines=50:title=review user-agent | review-user-2:-:-:lines=88:title=review user-agent | review-user-3:-:-:lines=73:title=review user-agent | user-1:-:NeedsDecision:lines=121:title=vim-visual-mode-for-panes | user-2:-:NeedsDecision:lines=86:title=strict-slash-command-execution | user-3:-:NeedsDecision:lines=148:title=review-done-agent-highlight-confirmation
[11:12:27] elapsed=1834s busy=true linearize:WaitingForReply:-:lines=31:title=linearize reviewed patches | review-user-1:-:-:lines=50:title=review user-agent | review-user-2:-:-:lines=88:title=review user-agent | review-user-3:-:-:lines=73:title=review user-agent | user-1:-:NeedsDecision:lines=121:title=vim-visual-mode-for-panes | user-2:-:NeedsDecision:lines=86:title=strict-slash-command-execution | user-3:-:NeedsDecision:lines=148:title=review-done-agent-highlight-confirmation
[11:12:42] elapsed=1849s busy=true linearize:WaitingForReply:-:lines=40:title=linearize reviewed patches | review-user-1:-:-:lines=50:title=review user-agent | review-user-2:-:-:lines=88:title=review user-agent | review-user-3:-:-:lines=73:title=review user-agent | user-1:-:NeedsDecision:lines=121:title=vim-visual-mode-for-panes | user-2:-:NeedsDecision:lines=86:title=strict-slash-command-execution | user-3:-:NeedsDecision:lines=148:title=review-done-agent-highlight-confirmation
[11:13:13] elapsed=1880s busy=true linearize:WaitingForReply:-:lines=47:title=linearize reviewed patches | review-user-1:-:-:lines=50:title=review user-agent | review-user-2:-:-:lines=88:title=review user-agent | review-user-3:-:-:lines=73:title=review user-agent | user-1:-:NeedsDecision:lines=121:title=vim-visual-mode-for-panes | user-2:-:NeedsDecision:lines=86:title=strict-slash-command-execution | user-3:-:NeedsDecision:lines=148:title=review-done-agent-highlight-confirmation
[11:13:28] elapsed=1895s busy=true linearize:WaitingForReply:-:lines=53:title=linearize reviewed patches | review-user-1:-:-:lines=50:title=review user-agent | review-user-2:-:-:lines=88:title=review user-agent | review-user-3:-:-:lines=73:title=review user-agent | user-1:-:NeedsDecision:lines=121:title=vim-visual-mode-for-panes | user-2:-:NeedsDecision:lines=86:title=strict-slash-command-execution | user-3:-:NeedsDecision:lines=148:title=review-done-agent-highlight-confirmation
[11:13:53] elapsed=1920s busy=true linearize:WaitingForReply:-:lines=59:title=linearize reviewed patches | review-user-1:-:-:lines=50:title=review user-agent | review-user-2:-:-:lines=88:title=review user-agent | review-user-3:-:-:lines=73:title=review user-agent | user-1:-:NeedsDecision:lines=121:title=vim-visual-mode-for-panes | user-2:-:NeedsDecision:lines=86:title=strict-slash-command-execution | user-3:-:NeedsDecision:lines=148:title=review-done-agent-highlight-confirmation
[11:14:08] elapsed=1935s busy=true linearize:WaitingForReply:-:lines=70:title=linearize reviewed patches | review-user-1:-:-:lines=50:title=review user-agent | review-user-2:-:-:lines=88:title=review user-agent | review-user-3:-:-:lines=73:title=review user-agent | user-1:-:NeedsDecision:lines=121:title=vim-visual-mode-for-panes | user-2:-:NeedsDecision:lines=86:title=strict-slash-command-execution | user-3:-:NeedsDecision:lines=148:title=review-done-agent-highlight-confirmation
[11:14:19] elapsed=1946s busy=true linearize:WaitingForReply:-:lines=76:title=linearize reviewed patches | review-user-1:-:-:lines=50:title=review user-agent | review-user-2:-:-:lines=88:title=review user-agent | review-user-3:-:-:lines=73:title=review user-agent | user-1:-:NeedsDecision:lines=121:title=vim-visual-mode-for-panes | user-2:-:NeedsDecision:lines=86:title=strict-slash-command-execution | user-3:-:NeedsDecision:lines=148:title=review-done-agent-highlight-confirmation
[11:14:44] elapsed=1971s busy=false linearize:-:-:lines=77:title=linearize reviewed patches | review-user-1:-:-:lines=50:title=review user-agent | review-user-2:-:-:lines=88:title=review user-agent | review-user-3:-:-:lines=73:title=review user-agent | user-1:-:NeedsDecision:lines=121:title=vim-visual-mode-for-panes | user-2:-:NeedsDecision:lines=86:title=strict-slash-command-execution | user-3:-:NeedsDecision:lines=148:title=review-done-agent-highlight-confirmation
[11:14:44] linearizer ready; accepting plan
[11:14:49] elapsed=1976s busy=true linearize:WaitingForReply:-:lines=79:title=linearize reviewed patches | review-user-1:-:-:lines=50:title=review user-agent | review-user-2:-:-:lines=88:title=review user-agent | review-user-3:-:-:lines=73:title=review user-agent | user-1:-:NeedsDecision:lines=121:title=vim-visual-mode-for-panes | user-2:-:NeedsDecision:lines=86:title=strict-slash-command-execution | user-3:-:NeedsDecision:lines=148:title=review-done-agent-highlight-confirmation
[11:14:59] elapsed=1986s busy=true linearize:WaitingForReply:-:lines=80:title=linearize reviewed patches | review-user-1:-:-:lines=50:title=review user-agent | review-user-2:-:-:lines=88:title=review user-agent | review-user-3:-:-:lines=73:title=review user-agent | user-1:-:NeedsDecision:lines=121:title=vim-visual-mode-for-panes | user-2:-:NeedsDecision:lines=86:title=strict-slash-command-execution | user-3:-:NeedsDecision:lines=148:title=review-done-agent-highlight-confirmation
[11:15:09] elapsed=1996s busy=true linearize:WaitingForReply:-:lines=83:title=linearize reviewed patches | review-user-1:-:-:lines=50:title=review user-agent | review-user-2:-:-:lines=88:title=review user-agent | review-user-3:-:-:lines=73:title=review user-agent | user-1:-:NeedsDecision:lines=121:title=vim-visual-mode-for-panes | user-2:-:NeedsDecision:lines=86:title=strict-slash-command-execution | user-3:-:NeedsDecision:lines=148:title=review-done-agent-highlight-confirmation
[11:15:14] elapsed=2001s busy=true linearize:WaitingForReply:-:lines=85:title=linearize reviewed patches | review-user-1:-:-:lines=50:title=review user-agent | review-user-2:-:-:lines=88:title=review user-agent | review-user-3:-:-:lines=73:title=review user-agent | user-1:-:NeedsDecision:lines=121:title=vim-visual-mode-for-panes | user-2:-:NeedsDecision:lines=86:title=strict-slash-command-execution | user-3:-:NeedsDecision:lines=148:title=review-done-agent-highlight-confirmation
[11:15:19] elapsed=2006s busy=true linearize:WaitingForReply:-:lines=88:title=linearize reviewed patches | review-user-1:-:-:lines=50:title=review user-agent | review-user-2:-:-:lines=88:title=review user-agent | review-user-3:-:-:lines=73:title=review user-agent | user-1:-:NeedsDecision:lines=121:title=vim-visual-mode-for-panes | user-2:-:NeedsDecision:lines=86:title=strict-slash-command-execution | user-3:-:NeedsDecision:lines=148:title=review-done-agent-highlight-confirmation
[11:15:25] elapsed=2011s busy=true linearize:WaitingForReply:-:lines=90:title=linearize reviewed patches | review-user-1:-:-:lines=50:title=review user-agent | review-user-2:-:-:lines=88:title=review user-agent | review-user-3:-:-:lines=73:title=review user-agent | user-1:-:NeedsDecision:lines=121:title=vim-visual-mode-for-panes | user-2:-:NeedsDecision:lines=86:title=strict-slash-command-execution | user-3:-:NeedsDecision:lines=148:title=review-done-agent-highlight-confirmation
[11:15:30] elapsed=2017s busy=true linearize:WaitingForReply:-:lines=93:title=linearize reviewed patches | review-user-1:-:-:lines=50:title=review user-agent | review-user-2:-:-:lines=88:title=review user-agent | review-user-3:-:-:lines=73:title=review user-agent | user-1:-:NeedsDecision:lines=121:title=vim-visual-mode-for-panes | user-2:-:NeedsDecision:lines=86:title=strict-slash-command-execution | user-3:-:NeedsDecision:lines=148:title=review-done-agent-highlight-confirmation
[11:15:40] elapsed=2027s busy=true linearize:WaitingForReply:-:lines=94:title=linearize reviewed patches | review-user-1:-:-:lines=50:title=review user-agent | review-user-2:-:-:lines=88:title=review user-agent | review-user-3:-:-:lines=73:title=review user-agent | user-1:-:NeedsDecision:lines=121:title=vim-visual-mode-for-panes | user-2:-:NeedsDecision:lines=86:title=strict-slash-command-execution | user-3:-:NeedsDecision:lines=148:title=review-done-agent-highlight-confirmation
[11:15:50] elapsed=2037s busy=true linearize:WaitingForReply:-:lines=97:title=linearize reviewed patches | review-user-1:-:-:lines=50:title=review user-agent | review-user-2:-:-:lines=88:title=review user-agent | review-user-3:-:-:lines=73:title=review user-agent | user-1:-:NeedsDecision:lines=121:title=vim-visual-mode-for-panes | user-2:-:NeedsDecision:lines=86:title=strict-slash-command-execution | user-3:-:NeedsDecision:lines=148:title=review-done-agent-highlight-confirmation
[11:16:00] elapsed=2047s busy=true linearize:WaitingForReply:-:lines=99:title=linearize reviewed patches | review-user-1:-:-:lines=50:title=review user-agent | review-user-2:-:-:lines=88:title=review user-agent | review-user-3:-:-:lines=73:title=review user-agent | user-1:-:NeedsDecision:lines=121:title=vim-visual-mode-for-panes | user-2:-:NeedsDecision:lines=86:title=strict-slash-command-execution | user-3:-:NeedsDecision:lines=148:title=review-done-agent-highlight-confirmation
[11:16:05] elapsed=2052s busy=true linearize:WaitingForReply:-:lines=104:title=linearize reviewed patches | review-user-1:-:-:lines=50:title=review user-agent | review-user-2:-:-:lines=88:title=review user-agent | review-user-3:-:-:lines=73:title=review user-agent | user-1:-:NeedsDecision:lines=121:title=vim-visual-mode-for-panes | user-2:-:NeedsDecision:lines=86:title=strict-slash-command-execution | user-3:-:NeedsDecision:lines=148:title=review-done-agent-highlight-confirmation
[11:16:15] elapsed=2062s busy=true linearize:WaitingForReply:-:lines=112:title=linearize reviewed patches | review-user-1:-:-:lines=50:title=review user-agent | review-user-2:-:-:lines=88:title=review user-agent | review-user-3:-:-:lines=73:title=review user-agent | user-1:-:NeedsDecision:lines=121:title=vim-visual-mode-for-panes | user-2:-:NeedsDecision:lines=86:title=strict-slash-command-execution | user-3:-:NeedsDecision:lines=148:title=review-done-agent-highlight-confirmation
[11:16:20] elapsed=2067s busy=true linearize:WaitingForReply:-:lines=116:title=linearize reviewed patches | review-user-1:-:-:lines=50:title=review user-agent | review-user-2:-:-:lines=88:title=review user-agent | review-user-3:-:-:lines=73:title=review user-agent | user-1:-:NeedsDecision:lines=121:title=vim-visual-mode-for-panes | user-2:-:NeedsDecision:lines=86:title=strict-slash-command-execution | user-3:-:NeedsDecision:lines=148:title=review-done-agent-highlight-confirmation
[11:16:25] elapsed=2072s busy=true linearize:WaitingForReply:-:lines=119:title=linearize reviewed patches | review-user-1:-:-:lines=50:title=review user-agent | review-user-2:-:-:lines=88:title=review user-agent | review-user-3:-:-:lines=73:title=review user-agent | user-1:-:NeedsDecision:lines=121:title=vim-visual-mode-for-panes | user-2:-:NeedsDecision:lines=86:title=strict-slash-command-execution | user-3:-:NeedsDecision:lines=148:title=review-done-agent-highlight-confirmation
[11:16:30] elapsed=2077s busy=true linearize:WaitingForReply:-:lines=120:title=linearize reviewed patches | review-user-1:-:-:lines=50:title=review user-agent | review-user-2:-:-:lines=88:title=review user-agent | review-user-3:-:-:lines=73:title=review user-agent | user-1:-:NeedsDecision:lines=121:title=vim-visual-mode-for-panes | user-2:-:NeedsDecision:lines=86:title=strict-slash-command-execution | user-3:-:NeedsDecision:lines=148:title=review-done-agent-highlight-confirmation
[11:16:35] elapsed=2082s busy=true linearize:WaitingForReply:-:lines=123:title=linearize reviewed patches | review-user-1:-:-:lines=50:title=review user-agent | review-user-2:-:-:lines=88:title=review user-agent | review-user-3:-:-:lines=73:title=review user-agent | user-1:-:NeedsDecision:lines=121:title=vim-visual-mode-for-panes | user-2:-:NeedsDecision:lines=86:title=strict-slash-command-execution | user-3:-:NeedsDecision:lines=148:title=review-done-agent-highlight-confirmation
[11:16:46] elapsed=2093s busy=true linearize:WaitingForReply:-:lines=125:title=linearize reviewed patches | review-user-1:-:-:lines=50:title=review user-agent | review-user-2:-:-:lines=88:title=review user-agent | review-user-3:-:-:lines=73:title=review user-agent | user-1:-:NeedsDecision:lines=121:title=vim-visual-mode-for-panes | user-2:-:NeedsDecision:lines=86:title=strict-slash-command-execution | user-3:-:NeedsDecision:lines=148:title=review-done-agent-highlight-confirmation
[11:16:51] elapsed=2098s busy=true linearize:WaitingForReply:-:lines=132:title=linearize reviewed patches | review-user-1:-:-:lines=50:title=review user-agent | review-user-2:-:-:lines=88:title=review user-agent | review-user-3:-:-:lines=73:title=review user-agent | user-1:-:NeedsDecision:lines=121:title=vim-visual-mode-for-panes | user-2:-:NeedsDecision:lines=86:title=strict-slash-command-execution | user-3:-:NeedsDecision:lines=148:title=review-done-agent-highlight-confirmation
[11:16:56] elapsed=2103s busy=true linearize:WaitingForReply:-:lines=137:title=linearize reviewed patches | review-user-1:-:-:lines=50:title=review user-agent | review-user-2:-:-:lines=88:title=review user-agent | review-user-3:-:-:lines=73:title=review user-agent | user-1:-:NeedsDecision:lines=121:title=vim-visual-mode-for-panes | user-2:-:NeedsDecision:lines=86:title=strict-slash-command-execution | user-3:-:NeedsDecision:lines=148:title=review-done-agent-highlight-confirmation
[11:17:01] elapsed=2108s busy=true linearize:WaitingForReply:-:lines=140:title=linearize reviewed patches | review-user-1:-:-:lines=50:title=review user-agent | review-user-2:-:-:lines=88:title=review user-agent | review-user-3:-:-:lines=73:title=review user-agent | user-1:-:NeedsDecision:lines=121:title=vim-visual-mode-for-panes | user-2:-:NeedsDecision:lines=86:title=strict-slash-command-execution | user-3:-:NeedsDecision:lines=148:title=review-done-agent-highlight-confirmation
[11:17:06] elapsed=2113s busy=true linearize:WaitingForReply:-:lines=141:title=linearize reviewed patches | review-user-1:-:-:lines=50:title=review user-agent | review-user-2:-:-:lines=88:title=review user-agent | review-user-3:-:-:lines=73:title=review user-agent | user-1:-:NeedsDecision:lines=121:title=vim-visual-mode-for-panes | user-2:-:NeedsDecision:lines=86:title=strict-slash-command-execution | user-3:-:NeedsDecision:lines=148:title=review-done-agent-highlight-confirmation
[11:17:21] elapsed=2128s busy=true linearize:WaitingForReply:-:lines=143:title=linearize reviewed patches | review-user-1:-:-:lines=50:title=review user-agent | review-user-2:-:-:lines=88:title=review user-agent | review-user-3:-:-:lines=73:title=review user-agent | user-1:-:NeedsDecision:lines=121:title=vim-visual-mode-for-panes | user-2:-:NeedsDecision:lines=86:title=strict-slash-command-execution | user-3:-:NeedsDecision:lines=148:title=review-done-agent-highlight-confirmation
[11:17:31] elapsed=2138s busy=true linearize:WaitingForReply:-:lines=153:title=linearize reviewed patches | review-user-1:-:-:lines=50:title=review user-agent | review-user-2:-:-:lines=88:title=review user-agent | review-user-3:-:-:lines=73:title=review user-agent | user-1:-:NeedsDecision:lines=121:title=vim-visual-mode-for-panes | user-2:-:NeedsDecision:lines=86:title=strict-slash-command-execution | user-3:-:NeedsDecision:lines=148:title=review-done-agent-highlight-confirmation
[11:17:36] elapsed=2143s busy=true linearize:WaitingForReply:-:lines=155:title=linearize reviewed patches | review-user-1:-:-:lines=50:title=review user-agent | review-user-2:-:-:lines=88:title=review user-agent | review-user-3:-:-:lines=73:title=review user-agent | user-1:-:NeedsDecision:lines=121:title=vim-visual-mode-for-panes | user-2:-:NeedsDecision:lines=86:title=strict-slash-command-execution | user-3:-:NeedsDecision:lines=148:title=review-done-agent-highlight-confirmation
[11:17:46] elapsed=2153s busy=true linearize:WaitingForReply:-:lines=164:title=linearize reviewed patches | review-user-1:-:-:lines=50:title=review user-agent | review-user-2:-:-:lines=88:title=review user-agent | review-user-3:-:-:lines=73:title=review user-agent | user-1:-:NeedsDecision:lines=121:title=vim-visual-mode-for-panes | user-2:-:NeedsDecision:lines=86:title=strict-slash-command-execution | user-3:-:NeedsDecision:lines=148:title=review-done-agent-highlight-confirmation
[11:17:57] elapsed=2164s busy=true linearize:WaitingForReply:-:lines=170:title=linearize reviewed patches | review-user-1:-:-:lines=50:title=review user-agent | review-user-2:-:-:lines=88:title=review user-agent | review-user-3:-:-:lines=73:title=review user-agent | user-1:-:NeedsDecision:lines=121:title=vim-visual-mode-for-panes | user-2:-:NeedsDecision:lines=86:title=strict-slash-command-execution | user-3:-:NeedsDecision:lines=148:title=review-done-agent-highlight-confirmation
[11:18:02] elapsed=2169s busy=true linearize:WaitingForReply:-:lines=172:title=linearize reviewed patches | review-user-1:-:-:lines=50:title=review user-agent | review-user-2:-:-:lines=88:title=review user-agent | review-user-3:-:-:lines=73:title=review user-agent | user-1:-:NeedsDecision:lines=121:title=vim-visual-mode-for-panes | user-2:-:NeedsDecision:lines=86:title=strict-slash-command-execution | user-3:-:NeedsDecision:lines=148:title=review-done-agent-highlight-confirmation
[11:18:07] elapsed=2174s busy=true linearize:WaitingForReply:-:lines=174:title=linearize reviewed patches | review-user-1:-:-:lines=50:title=review user-agent | review-user-2:-:-:lines=88:title=review user-agent | review-user-3:-:-:lines=73:title=review user-agent | user-1:-:NeedsDecision:lines=121:title=vim-visual-mode-for-panes | user-2:-:NeedsDecision:lines=86:title=strict-slash-command-execution | user-3:-:NeedsDecision:lines=148:title=review-done-agent-highlight-confirmation
[11:18:12] elapsed=2179s busy=true linearize:WaitingForReply:-:lines=179:title=linearize reviewed patches | review-user-1:-:-:lines=50:title=review user-agent | review-user-2:-:-:lines=88:title=review user-agent | review-user-3:-:-:lines=73:title=review user-agent | user-1:-:NeedsDecision:lines=121:title=vim-visual-mode-for-panes | user-2:-:NeedsDecision:lines=86:title=strict-slash-command-execution | user-3:-:NeedsDecision:lines=148:title=review-done-agent-highlight-confirmation
[11:18:32] elapsed=2199s busy=true linearize:WaitingForReply:-:lines=182:title=linearize reviewed patches | review-user-1:-:-:lines=50:title=review user-agent | review-user-2:-:-:lines=88:title=review user-agent | review-user-3:-:-:lines=73:title=review user-agent | user-1:-:NeedsDecision:lines=121:title=vim-visual-mode-for-panes | user-2:-:NeedsDecision:lines=86:title=strict-slash-command-execution | user-3:-:NeedsDecision:lines=148:title=review-done-agent-highlight-confirmation
[11:18:37] elapsed=2204s busy=true linearize:WaitingForReply:-:lines=186:title=linearize reviewed patches | review-user-1:-:-:lines=50:title=review user-agent | review-user-2:-:-:lines=88:title=review user-agent | review-user-3:-:-:lines=73:title=review user-agent | user-1:-:NeedsDecision:lines=121:title=vim-visual-mode-for-panes | user-2:-:NeedsDecision:lines=86:title=strict-slash-command-execution | user-3:-:NeedsDecision:lines=148:title=review-done-agent-highlight-confirmation
[11:18:42] elapsed=2209s busy=true linearize:WaitingForReply:-:lines=189:title=linearize reviewed patches | review-user-1:-:-:lines=50:title=review user-agent | review-user-2:-:-:lines=88:title=review user-agent | review-user-3:-:-:lines=73:title=review user-agent | user-1:-:NeedsDecision:lines=121:title=vim-visual-mode-for-panes | user-2:-:NeedsDecision:lines=86:title=strict-slash-command-execution | user-3:-:NeedsDecision:lines=148:title=review-done-agent-highlight-confirmation
[11:18:47] elapsed=2214s busy=true linearize:WaitingForReply:-:lines=191:title=linearize reviewed patches | review-user-1:-:-:lines=50:title=review user-agent | review-user-2:-:-:lines=88:title=review user-agent | review-user-3:-:-:lines=73:title=review user-agent | user-1:-:NeedsDecision:lines=121:title=vim-visual-mode-for-panes | user-2:-:NeedsDecision:lines=86:title=strict-slash-command-execution | user-3:-:NeedsDecision:lines=148:title=review-done-agent-highlight-confirmation
[11:18:52] elapsed=2219s busy=true linearize:WaitingForReply:-:lines=193:title=linearize reviewed patches | review-user-1:-:-:lines=50:title=review user-agent | review-user-2:-:-:lines=88:title=review user-agent | review-user-3:-:-:lines=73:title=review user-agent | user-1:-:NeedsDecision:lines=121:title=vim-visual-mode-for-panes | user-2:-:NeedsDecision:lines=86:title=strict-slash-command-execution | user-3:-:NeedsDecision:lines=148:title=review-done-agent-highlight-confirmation
[11:18:57] elapsed=2224s busy=true linearize:WaitingForReply:-:lines=198:title=linearize reviewed patches | review-user-1:-:-:lines=50:title=review user-agent | review-user-2:-:-:lines=88:title=review user-agent | review-user-3:-:-:lines=73:title=review user-agent | user-1:-:NeedsDecision:lines=121:title=vim-visual-mode-for-panes | user-2:-:NeedsDecision:lines=86:title=strict-slash-command-execution | user-3:-:NeedsDecision:lines=148:title=review-done-agent-highlight-confirmation
[11:19:02] elapsed=2229s busy=true linearize:WaitingForReply:-:lines=200:title=linearize reviewed patches | review-user-1:-:-:lines=50:title=review user-agent | review-user-2:-:-:lines=88:title=review user-agent | review-user-3:-:-:lines=73:title=review user-agent | user-1:-:NeedsDecision:lines=121:title=vim-visual-mode-for-panes | user-2:-:NeedsDecision:lines=86:title=strict-slash-command-execution | user-3:-:NeedsDecision:lines=148:title=review-done-agent-highlight-confirmation
[11:19:08] elapsed=2234s busy=true linearize:WaitingForReply:-:lines=209:title=linearize reviewed patches | review-user-1:-:-:lines=50:title=review user-agent | review-user-2:-:-:lines=88:title=review user-agent | review-user-3:-:-:lines=73:title=review user-agent | user-1:-:NeedsDecision:lines=121:title=vim-visual-mode-for-panes | user-2:-:NeedsDecision:lines=86:title=strict-slash-command-execution | user-3:-:NeedsDecision:lines=148:title=review-done-agent-highlight-confirmation
[11:19:13] elapsed=2240s busy=true linearize:WaitingForReply:-:lines=212:title=linearize reviewed patches | review-user-1:-:-:lines=50:title=review user-agent | review-user-2:-:-:lines=88:title=review user-agent | review-user-3:-:-:lines=73:title=review user-agent | user-1:-:NeedsDecision:lines=121:title=vim-visual-mode-for-panes | user-2:-:NeedsDecision:lines=86:title=strict-slash-command-execution | user-3:-:NeedsDecision:lines=148:title=review-done-agent-highlight-confirmation
[11:19:18] elapsed=2245s busy=true linearize:WaitingForReply:-:lines=214:title=linearize reviewed patches | review-user-1:-:-:lines=50:title=review user-agent | review-user-2:-:-:lines=88:title=review user-agent | review-user-3:-:-:lines=73:title=review user-agent | user-1:-:NeedsDecision:lines=121:title=vim-visual-mode-for-panes | user-2:-:NeedsDecision:lines=86:title=strict-slash-command-execution | user-3:-:NeedsDecision:lines=148:title=review-done-agent-highlight-confirmation
[11:19:28] elapsed=2255s busy=true linearize:WaitingForReply:-:lines=216:title=linearize reviewed patches | review-user-1:-:-:lines=50:title=review user-agent | review-user-2:-:-:lines=88:title=review user-agent | review-user-3:-:-:lines=73:title=review user-agent | user-1:-:NeedsDecision:lines=121:title=vim-visual-mode-for-panes | user-2:-:NeedsDecision:lines=86:title=strict-slash-command-execution | user-3:-:NeedsDecision:lines=148:title=review-done-agent-highlight-confirmation
[11:19:33] elapsed=2260s busy=true linearize:WaitingForReply:-:lines=218:title=linearize reviewed patches | review-user-1:-:-:lines=50:title=review user-agent | review-user-2:-:-:lines=88:title=review user-agent | review-user-3:-:-:lines=73:title=review user-agent | user-1:-:NeedsDecision:lines=121:title=vim-visual-mode-for-panes | user-2:-:NeedsDecision:lines=86:title=strict-slash-command-execution | user-3:-:NeedsDecision:lines=148:title=review-done-agent-highlight-confirmation
[11:19:38] elapsed=2265s busy=true linearize:WaitingForReply:-:lines=219:title=linearize reviewed patches | review-user-1:-:-:lines=50:title=review user-agent | review-user-2:-:-:lines=88:title=review user-agent | review-user-3:-:-:lines=73:title=review user-agent | user-1:-:NeedsDecision:lines=121:title=vim-visual-mode-for-panes | user-2:-:NeedsDecision:lines=86:title=strict-slash-command-execution | user-3:-:NeedsDecision:lines=148:title=review-done-agent-highlight-confirmation
[11:19:43] elapsed=2270s busy=true linearize:WaitingForReply:-:lines=220:title=linearize reviewed patches | review-user-1:-:-:lines=50:title=review user-agent | review-user-2:-:-:lines=88:title=review user-agent | review-user-3:-:-:lines=73:title=review user-agent | user-1:-:NeedsDecision:lines=121:title=vim-visual-mode-for-panes | user-2:-:NeedsDecision:lines=86:title=strict-slash-command-execution | user-3:-:NeedsDecision:lines=148:title=review-done-agent-highlight-confirmation
[11:19:53] elapsed=2280s busy=true linearize:WaitingForReply:-:lines=227:title=linearize reviewed patches | review-user-1:-:-:lines=50:title=review user-agent | review-user-2:-:-:lines=88:title=review user-agent | review-user-3:-:-:lines=73:title=review user-agent | user-1:-:NeedsDecision:lines=121:title=vim-visual-mode-for-panes | user-2:-:NeedsDecision:lines=86:title=strict-slash-command-execution | user-3:-:NeedsDecision:lines=148:title=review-done-agent-highlight-confirmation
[11:19:58] elapsed=2285s busy=true linearize:WaitingForReply:-:lines=229:title=linearize reviewed patches | review-user-1:-:-:lines=50:title=review user-agent | review-user-2:-:-:lines=88:title=review user-agent | review-user-3:-:-:lines=73:title=review user-agent | user-1:-:NeedsDecision:lines=121:title=vim-visual-mode-for-panes | user-2:-:NeedsDecision:lines=86:title=strict-slash-command-execution | user-3:-:NeedsDecision:lines=148:title=review-done-agent-highlight-confirmation
[11:20:08] elapsed=2295s busy=true linearize:WaitingForReply:-:lines=230:title=linearize reviewed patches | review-user-1:-:-:lines=50:title=review user-agent | review-user-2:-:-:lines=88:title=review user-agent | review-user-3:-:-:lines=73:title=review user-agent | user-1:-:NeedsDecision:lines=121:title=vim-visual-mode-for-panes | user-2:-:NeedsDecision:lines=86:title=strict-slash-command-execution | user-3:-:NeedsDecision:lines=148:title=review-done-agent-highlight-confirmation
[11:20:13] elapsed=2300s busy=true linearize:WaitingForReply:-:lines=232:title=linearize reviewed patches | review-user-1:-:-:lines=50:title=review user-agent | review-user-2:-:-:lines=88:title=review user-agent | review-user-3:-:-:lines=73:title=review user-agent | user-1:-:NeedsDecision:lines=121:title=vim-visual-mode-for-panes | user-2:-:NeedsDecision:lines=86:title=strict-slash-command-execution | user-3:-:NeedsDecision:lines=148:title=review-done-agent-highlight-confirmation
[11:20:19] elapsed=2305s busy=true linearize:WaitingForReply:-:lines=235:title=linearize reviewed patches | review-user-1:-:-:lines=50:title=review user-agent | review-user-2:-:-:lines=88:title=review user-agent | review-user-3:-:-:lines=73:title=review user-agent | user-1:-:NeedsDecision:lines=121:title=vim-visual-mode-for-panes | user-2:-:NeedsDecision:lines=86:title=strict-slash-command-execution | user-3:-:NeedsDecision:lines=148:title=review-done-agent-highlight-confirmation
[11:20:24] elapsed=2311s busy=true linearize:WaitingForReply:-:lines=237:title=linearize reviewed patches | review-user-1:-:-:lines=50:title=review user-agent | review-user-2:-:-:lines=88:title=review user-agent | review-user-3:-:-:lines=73:title=review user-agent | user-1:-:NeedsDecision:lines=121:title=vim-visual-mode-for-panes | user-2:-:NeedsDecision:lines=86:title=strict-slash-command-execution | user-3:-:NeedsDecision:lines=148:title=review-done-agent-highlight-confirmation
[11:20:34] elapsed=2321s busy=true linearize:WaitingForReply:-:lines=243:title=linearize reviewed patches | review-user-1:-:-:lines=50:title=review user-agent | review-user-2:-:-:lines=88:title=review user-agent | review-user-3:-:-:lines=73:title=review user-agent | user-1:-:NeedsDecision:lines=121:title=vim-visual-mode-for-panes | user-2:-:NeedsDecision:lines=86:title=strict-slash-command-execution | user-3:-:NeedsDecision:lines=148:title=review-done-agent-highlight-confirmation
[11:20:44] elapsed=2331s busy=true linearize:WaitingForReply:-:lines=246:title=linearize reviewed patches | review-user-1:-:-:lines=50:title=review user-agent | review-user-2:-:-:lines=88:title=review user-agent | review-user-3:-:-:lines=73:title=review user-agent | user-1:-:NeedsDecision:lines=121:title=vim-visual-mode-for-panes | user-2:-:NeedsDecision:lines=86:title=strict-slash-command-execution | user-3:-:NeedsDecision:lines=148:title=review-done-agent-highlight-confirmation
[11:20:49] elapsed=2336s busy=true linearize:WaitingForReply:-:lines=249:title=linearize reviewed patches | review-user-1:-:-:lines=50:title=review user-agent | review-user-2:-:-:lines=88:title=review user-agent | review-user-3:-:-:lines=73:title=review user-agent | user-1:-:NeedsDecision:lines=121:title=vim-visual-mode-for-panes | user-2:-:NeedsDecision:lines=86:title=strict-slash-command-execution | user-3:-:NeedsDecision:lines=148:title=review-done-agent-highlight-confirmation
[11:20:54] elapsed=2341s busy=true linearize:WaitingForReply:-:lines=250:title=linearize reviewed patches | review-user-1:-:-:lines=50:title=review user-agent | review-user-2:-:-:lines=88:title=review user-agent | review-user-3:-:-:lines=73:title=review user-agent | user-1:-:NeedsDecision:lines=121:title=vim-visual-mode-for-panes | user-2:-:NeedsDecision:lines=86:title=strict-slash-command-execution | user-3:-:NeedsDecision:lines=148:title=review-done-agent-highlight-confirmation
[11:20:59] elapsed=2346s busy=true linearize:WaitingForReply:-:lines=253:title=linearize reviewed patches | review-user-1:-:-:lines=50:title=review user-agent | review-user-2:-:-:lines=88:title=review user-agent | review-user-3:-:-:lines=73:title=review user-agent | user-1:-:NeedsDecision:lines=121:title=vim-visual-mode-for-panes | user-2:-:NeedsDecision:lines=86:title=strict-slash-command-execution | user-3:-:NeedsDecision:lines=148:title=review-done-agent-highlight-confirmation
[11:21:04] elapsed=2351s busy=true linearize:WaitingForReply:-:lines=255:title=linearize reviewed patches | review-user-1:-:-:lines=50:title=review user-agent | review-user-2:-:-:lines=88:title=review user-agent | review-user-3:-:-:lines=73:title=review user-agent | user-1:-:NeedsDecision:lines=121:title=vim-visual-mode-for-panes | user-2:-:NeedsDecision:lines=86:title=strict-slash-command-execution | user-3:-:NeedsDecision:lines=148:title=review-done-agent-highlight-confirmation
[11:21:14] elapsed=2361s busy=true linearize:WaitingForReply:-:lines=263:title=linearize reviewed patches | review-user-1:-:-:lines=50:title=review user-agent | review-user-2:-:-:lines=88:title=review user-agent | review-user-3:-:-:lines=73:title=review user-agent | user-1:-:NeedsDecision:lines=121:title=vim-visual-mode-for-panes | user-2:-:NeedsDecision:lines=86:title=strict-slash-command-execution | user-3:-:NeedsDecision:lines=148:title=review-done-agent-highlight-confirmation
[11:21:19] elapsed=2366s busy=true linearize:WaitingForReply:-:lines=265:title=linearize reviewed patches | review-user-1:-:-:lines=50:title=review user-agent | review-user-2:-:-:lines=88:title=review user-agent | review-user-3:-:-:lines=73:title=review user-agent | user-1:-:NeedsDecision:lines=121:title=vim-visual-mode-for-panes | user-2:-:NeedsDecision:lines=86:title=strict-slash-command-execution | user-3:-:NeedsDecision:lines=148:title=review-done-agent-highlight-confirmation
[11:21:24] elapsed=2371s busy=true linearize:WaitingForReply:-:lines=267:title=linearize reviewed patches | review-user-1:-:-:lines=50:title=review user-agent | review-user-2:-:-:lines=88:title=review user-agent | review-user-3:-:-:lines=73:title=review user-agent | user-1:-:NeedsDecision:lines=121:title=vim-visual-mode-for-panes | user-2:-:NeedsDecision:lines=86:title=strict-slash-command-execution | user-3:-:NeedsDecision:lines=148:title=review-done-agent-highlight-confirmation
[11:21:29] elapsed=2376s busy=true linearize:WaitingForReply:-:lines=274:title=linearize reviewed patches | review-user-1:-:-:lines=50:title=review user-agent | review-user-2:-:-:lines=88:title=review user-agent | review-user-3:-:-:lines=73:title=review user-agent | user-1:-:NeedsDecision:lines=121:title=vim-visual-mode-for-panes | user-2:-:NeedsDecision:lines=86:title=strict-slash-command-execution | user-3:-:NeedsDecision:lines=148:title=review-done-agent-highlight-confirmation
[11:21:35] elapsed=2382s busy=true linearize:WaitingForReply:-:lines=275:title=linearize reviewed patches | review-user-1:-:-:lines=50:title=review user-agent | review-user-2:-:-:lines=88:title=review user-agent | review-user-3:-:-:lines=73:title=review user-agent | user-1:-:NeedsDecision:lines=121:title=vim-visual-mode-for-panes | user-2:-:NeedsDecision:lines=86:title=strict-slash-command-execution | user-3:-:NeedsDecision:lines=148:title=review-done-agent-highlight-confirmation
[11:21:40] elapsed=2387s busy=true linearize:WaitingForReply:-:lines=277:title=linearize reviewed patches | review-user-1:-:-:lines=50:title=review user-agent | review-user-2:-:-:lines=88:title=review user-agent | review-user-3:-:-:lines=73:title=review user-agent | user-1:-:NeedsDecision:lines=121:title=vim-visual-mode-for-panes | user-2:-:NeedsDecision:lines=86:title=strict-slash-command-execution | user-3:-:NeedsDecision:lines=148:title=review-done-agent-highlight-confirmation
[11:21:45] elapsed=2392s busy=true linearize:WaitingForReply:-:lines=278:title=linearize reviewed patches | review-user-1:-:-:lines=50:title=review user-agent | review-user-2:-:-:lines=88:title=review user-agent | review-user-3:-:-:lines=73:title=review user-agent | user-1:-:NeedsDecision:lines=121:title=vim-visual-mode-for-panes | user-2:-:NeedsDecision:lines=86:title=strict-slash-command-execution | user-3:-:NeedsDecision:lines=148:title=review-done-agent-highlight-confirmation
[11:21:50] elapsed=2397s busy=true linearize:WaitingForReply:-:lines=282:title=linearize reviewed patches | review-user-1:-:-:lines=50:title=review user-agent | review-user-2:-:-:lines=88:title=review user-agent | review-user-3:-:-:lines=73:title=review user-agent | user-1:-:NeedsDecision:lines=121:title=vim-visual-mode-for-panes | user-2:-:NeedsDecision:lines=86:title=strict-slash-command-execution | user-3:-:NeedsDecision:lines=148:title=review-done-agent-highlight-confirmation
[11:22:00] elapsed=2407s busy=true linearize:WaitingForReply:-:lines=283:title=linearize reviewed patches | review-user-1:-:-:lines=50:title=review user-agent | review-user-2:-:-:lines=88:title=review user-agent | review-user-3:-:-:lines=73:title=review user-agent | user-1:-:NeedsDecision:lines=121:title=vim-visual-mode-for-panes | user-2:-:NeedsDecision:lines=86:title=strict-slash-command-execution | user-3:-:NeedsDecision:lines=148:title=review-done-agent-highlight-confirmation
[11:22:05] elapsed=2412s busy=true linearize:WaitingForReply:-:lines=289:title=linearize reviewed patches | review-user-1:-:-:lines=50:title=review user-agent | review-user-2:-:-:lines=88:title=review user-agent | review-user-3:-:-:lines=73:title=review user-agent | user-1:-:NeedsDecision:lines=121:title=vim-visual-mode-for-panes | user-2:-:NeedsDecision:lines=86:title=strict-slash-command-execution | user-3:-:NeedsDecision:lines=148:title=review-done-agent-highlight-confirmation
[11:22:10] elapsed=2417s busy=true linearize:WaitingForReply:-:lines=291:title=linearize reviewed patches | review-user-1:-:-:lines=50:title=review user-agent | review-user-2:-:-:lines=88:title=review user-agent | review-user-3:-:-:lines=73:title=review user-agent | user-1:-:NeedsDecision:lines=121:title=vim-visual-mode-for-panes | user-2:-:NeedsDecision:lines=86:title=strict-slash-command-execution | user-3:-:NeedsDecision:lines=148:title=review-done-agent-highlight-confirmation
[11:22:20] elapsed=2427s busy=true linearize:WaitingForReply:-:lines=300:title=linearize reviewed patches | review-user-1:-:-:lines=50:title=review user-agent | review-user-2:-:-:lines=88:title=review user-agent | review-user-3:-:-:lines=73:title=review user-agent | user-1:-:NeedsDecision:lines=121:title=vim-visual-mode-for-panes | user-2:-:NeedsDecision:lines=86:title=strict-slash-command-execution | user-3:-:NeedsDecision:lines=148:title=review-done-agent-highlight-confirmation
[11:22:25] elapsed=2432s busy=true linearize:WaitingForReply:-:lines=303:title=linearize reviewed patches | review-user-1:-:-:lines=50:title=review user-agent | review-user-2:-:-:lines=88:title=review user-agent | review-user-3:-:-:lines=73:title=review user-agent | user-1:-:NeedsDecision:lines=121:title=vim-visual-mode-for-panes | user-2:-:NeedsDecision:lines=86:title=strict-slash-command-execution | user-3:-:NeedsDecision:lines=148:title=review-done-agent-highlight-confirmation
[11:22:36] elapsed=2442s busy=true linearize:WaitingForReply:-:lines=310:title=linearize reviewed patches | review-user-1:-:-:lines=50:title=review user-agent | review-user-2:-:-:lines=88:title=review user-agent | review-user-3:-:-:lines=73:title=review user-agent | user-1:-:NeedsDecision:lines=121:title=vim-visual-mode-for-panes | user-2:-:NeedsDecision:lines=86:title=strict-slash-command-execution | user-3:-:NeedsDecision:lines=148:title=review-done-agent-highlight-confirmation
[11:23:01] elapsed=2468s busy=false linearize:-:-:lines=312:title=linearize reviewed patches | review-user-1:-:-:lines=50:title=review user-agent | review-user-2:-:-:lines=88:title=review user-agent | review-user-3:-:-:lines=73:title=review user-agent | user-1:-:NeedsDecision:lines=121:title=vim-visual-mode-for-panes | user-2:-:NeedsDecision:lines=86:title=strict-slash-command-execution | user-3:-:NeedsDecision:lines=148:title=review-done-agent-highlight-confirmation
[11:23:01] running final code quality checks
[11:23:06] bench report: /home/user/src/work-leaf/bench-results/parallel-current-6c-20260624T104153+0200/runs/run-2/parallel-current-6c-20260624T104153+0200-r2-three-feature-bench.md
