[10:41:53] WORK_LEAF_BENCH_TEMP=/tmp/work-leaf-3feature-bench.PA1LS5
[10:41:53] WORK_LEAF_BENCH_SOURCE_HEAD=c92a0b7060a36eac6db2d869b85e589a7a9480f9
Cloning into '/tmp/work-leaf-3feature-bench.PA1LS5/repo'...
done.
HEAD is now at c92a0b7 FIX compact orchestrator and UI traffic for concurrent agents
[10:41:53] WORK_LEAF_BENCH_BASE=c92a0b7060a36eac6db2d869b85e589a7a9480f9
[10:41:53] daemon URL: http://127.0.0.1:35623
[10:41:53] web UI URL: http://127.0.0.1:37429
[10:41:54] started 3 patch agents
[10:41:54] elapsed=1s busy=true user-1:Launching:-:lines=0:title=add-vim-visual-mode-both-panes | user-2:Launching:-:lines=0:title=implement-strict-selected-agent-slash | user-3:Launching:-:lines=0:title=when-review-process-done-patch-agent
[10:41:59] elapsed=6s busy=true user-1:WaitingForReply:-:lines=2:title=add-vim-visual-mode-both-panes | user-2:Launching:-:lines=0:title=implement-strict-selected-agent-slash | user-3:Launching:-:lines=0:title=when-review-process-done-patch-agent
[10:42:04] elapsed=11s busy=true user-1:WaitingForReply:-:lines=2:title=add-vim-visual-mode-both-panes | user-2:WaitingForReply:-:lines=2:title=implement-strict-selected-agent-slash | user-3:Launching:-:lines=0:title=when-review-process-done-patch-agent
[10:42:09] elapsed=16s busy=true user-1:WaitingForReply:-:lines=4:title=add-vim-visual-mode-both-panes | user-2:WaitingForReply:-:lines=2:title=implement-strict-selected-agent-slash | user-3:WaitingForReply:-:lines=2:title=when-review-process-done-patch-agent
[10:42:14] elapsed=21s busy=true user-1:WaitingForReply:-:lines=4:title=add-vim-visual-mode-both-panes | user-2:WaitingForReply:-:lines=4:title=implement-strict-selected-agent-slash | user-3:WaitingForReply:-:lines=2:title=when-review-process-done-patch-agent
[10:42:19] elapsed=26s busy=true user-1:WaitingForReply:-:lines=5:title=add-vim-visual-mode-both-panes | user-2:WaitingForReply:-:lines=4:title=implement-strict-selected-agent-slash | user-3:WaitingForReply:-:lines=4:title=when-review-process-done-patch-agent
[10:42:24] elapsed=31s busy=true user-1:WaitingForReply:-:lines=9:title=add-vim-visual-mode-both-panes | user-2:WaitingForReply:-:lines=6:title=implement-strict-selected-agent-slash | user-3:WaitingForReply:-:lines=4:title=when-review-process-done-patch-agent
[10:42:29] elapsed=36s busy=true user-1:WaitingForReply:-:lines=12:title=add-vim-visual-mode-both-panes | user-2:WaitingForReply:-:lines=8:title=implement-strict-selected-agent-slash | user-3:WaitingForReply:-:lines=4:title=when-review-process-done-patch-agent
[10:42:34] elapsed=41s busy=true user-1:WaitingForReply:-:lines=14:title=add-vim-visual-mode-both-panes | user-2:WaitingForReply:-:lines=11:title=implement-strict-selected-agent-slash | user-3:WaitingForReply:-:lines=7:title=when-review-process-done-patch-agent
[10:42:39] elapsed=46s busy=true user-1:WaitingForReply:-:lines=17:title=add-vim-visual-mode-both-panes | user-2:WaitingForReply:-:lines=13:title=implement-strict-selected-agent-slash | user-3:WaitingForReply:-:lines=9:title=when-review-process-done-patch-agent
[10:42:44] elapsed=51s busy=true user-1:WaitingForReply:-:lines=20:title=add-vim-visual-mode-both-panes | user-2:WaitingForReply:-:lines=17:title=implement-strict-selected-agent-slash | user-3:WaitingForReply:-:lines=10:title=when-review-process-done-patch-agent
[10:42:49] elapsed=56s busy=true user-1:WaitingForReply:-:lines=22:title=add-vim-visual-mode-both-panes | user-2:WaitingForReply:-:lines=19:title=implement-strict-selected-agent-slash | user-3:WaitingForReply:-:lines=12:title=when-review-process-done-patch-agent
[10:42:54] elapsed=61s busy=true user-1:WaitingForReply:-:lines=22:title=add-vim-visual-mode-both-panes | user-2:WaitingForReply:-:lines=21:title=implement-strict-selected-agent-slash | user-3:WaitingForReply:-:lines=14:title=when-review-process-done-patch-agent
[10:42:59] elapsed=66s busy=true user-1:WaitingForReply:-:lines=24:title=add-vim-visual-mode-both-panes | user-2:WaitingForReply:-:lines=23:title=implement-strict-selected-agent-slash | user-3:WaitingForReply:-:lines=14:title=when-review-process-done-patch-agent
[10:43:04] elapsed=71s busy=true user-1:WaitingForReply:-:lines=24:title=add-vim-visual-mode-both-panes | user-2:WaitingForReply:-:lines=27:title=implement-strict-selected-agent-slash | user-3:WaitingForReply:-:lines=16:title=when-review-process-done-patch-agent
[10:43:09] elapsed=76s busy=true user-1:WaitingForReply:-:lines=27:title=add-vim-visual-mode-both-panes | user-2:WaitingForReply:-:lines=29:title=implement-strict-selected-agent-slash | user-3:WaitingForReply:-:lines=16:title=when-review-process-done-patch-agent
[10:43:14] elapsed=81s busy=true user-1:WaitingForReply:-:lines=29:title=add-vim-visual-mode-both-panes | user-2:WaitingForReply:-:lines=31:title=implement-strict-selected-agent-slash | user-3:WaitingForReply:-:lines=16:title=when-review-process-done-patch-agent
[10:43:19] elapsed=86s busy=true user-1:WaitingForReply:-:lines=31:title=add-vim-visual-mode-both-panes | user-2:WaitingForReply:-:lines=31:title=implement-strict-selected-agent-slash | user-3:WaitingForReply:-:lines=17:title=when-review-process-done-patch-agent
[10:43:25] elapsed=92s busy=true user-1:WaitingForReply:-:lines=34:title=add-vim-visual-mode-both-panes | user-2:WaitingForReply:-:lines=31:title=implement-strict-selected-agent-slash | user-3:WaitingForReply:-:lines=19:title=when-review-process-done-patch-agent
[10:43:30] elapsed=97s busy=true user-1:WaitingForReply:-:lines=37:title=add-vim-visual-mode-both-panes | user-2:WaitingForReply:-:lines=34:title=implement-strict-selected-agent-slash | user-3:WaitingForReply:-:lines=20:title=when-review-process-done-patch-agent
[10:43:35] elapsed=102s busy=true user-1:WaitingForReply:-:lines=40:title=add-vim-visual-mode-both-panes | user-2:WaitingForReply:-:lines=37:title=implement-strict-selected-agent-slash | user-3:WaitingForReply:-:lines=20:title=when-review-process-done-patch-agent
[10:43:40] elapsed=107s busy=true user-1:WaitingForReply:-:lines=40:title=add-vim-visual-mode-both-panes | user-2:WaitingForReply:-:lines=39:title=implement-strict-selected-agent-slash | user-3:WaitingForReply:-:lines=22:title=when-review-process-done-patch-agent
[10:43:45] elapsed=112s busy=true user-1:WaitingForReply:-:lines=40:title=add-vim-visual-mode-both-panes | user-2:WaitingForReply:-:lines=40:title=implement-strict-selected-agent-slash | user-3:WaitingForReply:-:lines=23:title=when-review-process-done-patch-agent
[10:43:50] elapsed=117s busy=true user-1:WaitingForReply:-:lines=40:title=add-vim-visual-mode-both-panes | user-2:WaitingForReply:-:lines=43:title=implement-strict-selected-agent-slash | user-3:WaitingForReply:-:lines=25:title=when-review-process-done-patch-agent
[10:43:55] elapsed=122s busy=true user-1:WaitingForReply:-:lines=42:title=add-vim-visual-mode-both-panes | user-2:WaitingForReply:-:lines=45:title=implement-strict-selected-agent-slash | user-3:WaitingForReply:-:lines=26:title=when-review-process-done-patch-agent
[10:44:00] elapsed=127s busy=true user-1:WaitingForReply:-:lines=42:title=add-vim-visual-mode-both-panes | user-2:WaitingForReply:-:lines=48:title=implement-strict-selected-agent-slash | user-3:WaitingForReply:-:lines=28:title=when-review-process-done-patch-agent
[10:44:05] elapsed=132s busy=true user-1:WaitingForReply:-:lines=42:title=add-vim-visual-mode-both-panes | user-2:WaitingForReply:-:lines=48:title=implement-strict-selected-agent-slash | user-3:WaitingForReply:-:lines=29:title=when-review-process-done-patch-agent
[10:44:10] elapsed=137s busy=true user-1:WaitingForReply:-:lines=42:title=add-vim-visual-mode-both-panes | user-2:WaitingForReply:-:lines=48:title=implement-strict-selected-agent-slash | user-3:WaitingForReply:-:lines=31:title=when-review-process-done-patch-agent
[10:44:50] elapsed=177s busy=true user-1:WaitingForReply:-:lines=42:title=add-vim-visual-mode-both-panes | user-2:WaitingForReply:-:lines=48:title=implement-strict-selected-agent-slash | user-3:WaitingForReply:-:lines=33:title=when-review-process-done-patch-agent
[10:44:55] elapsed=182s busy=true user-1:WaitingForReply:-:lines=42:title=add-vim-visual-mode-both-panes | user-2:WaitingForReply:-:lines=49:title=implement-strict-selected-agent-slash | user-3:WaitingForReply:-:lines=33:title=when-review-process-done-patch-agent
[10:45:01] elapsed=187s busy=true user-1:WaitingForReply:-:lines=42:title=add-vim-visual-mode-both-panes | user-2:WaitingForReply:-:lines=51:title=implement-strict-selected-agent-slash | user-3:WaitingForReply:-:lines=34:title=when-review-process-done-patch-agent
[10:45:06] elapsed=193s busy=true user-1:WaitingForReply:-:lines=42:title=add-vim-visual-mode-both-panes | user-2:WaitingForReply:-:lines=53:title=implement-strict-selected-agent-slash | user-3:WaitingForReply:-:lines=36:title=when-review-process-done-patch-agent
[10:45:11] elapsed=198s busy=true user-1:WaitingForReply:-:lines=42:title=add-vim-visual-mode-both-panes | user-2:WaitingForReply:-:lines=55:title=implement-strict-selected-agent-slash | user-3:WaitingForReply:-:lines=38:title=when-review-process-done-patch-agent
[10:45:16] elapsed=203s busy=true user-1:WaitingForReply:-:lines=42:title=add-vim-visual-mode-both-panes | user-2:WaitingForReply:-:lines=57:title=implement-strict-selected-agent-slash | user-3:WaitingForReply:-:lines=38:title=when-review-process-done-patch-agent
[10:45:21] elapsed=208s busy=true user-1:WaitingForReply:-:lines=42:title=add-vim-visual-mode-both-panes | user-2:WaitingForReply:-:lines=59:title=implement-strict-selected-agent-slash | user-3:WaitingForReply:-:lines=38:title=when-review-process-done-patch-agent
[10:46:16] elapsed=263s busy=true user-1:WaitingForReply:-:lines=42:title=add-vim-visual-mode-both-panes | user-2:WaitingForReply:-:lines=62:title=implement-strict-selected-agent-slash | user-3:WaitingForReply:-:lines=38:title=when-review-process-done-patch-agent
[10:46:21] elapsed=268s busy=true user-1:WaitingForReply:-:lines=42:title=add-vim-visual-mode-both-panes | user-2:WaitingForReply:-:lines=64:title=implement-strict-selected-agent-slash | user-3:WaitingForReply:-:lines=38:title=when-review-process-done-patch-agent
[10:46:26] elapsed=273s busy=true user-1:WaitingForReply:-:lines=42:title=add-vim-visual-mode-both-panes | user-2:WaitingForReply:-:lines=65:title=implement-strict-selected-agent-slash | user-3:WaitingForReply:-:lines=38:title=when-review-process-done-patch-agent
[10:46:31] elapsed=278s busy=true user-1:WaitingForReply:-:lines=42:title=add-vim-visual-mode-both-panes | user-2:WaitingForReply:-:lines=67:title=implement-strict-selected-agent-slash | user-3:WaitingForReply:-:lines=38:title=when-review-process-done-patch-agent
[10:46:52] elapsed=299s busy=true user-1:WaitingForReply:-:lines=44:title=add-vim-visual-mode-both-panes | user-2:WaitingForReply:-:lines=67:title=implement-strict-selected-agent-slash | user-3:WaitingForReply:-:lines=38:title=when-review-process-done-patch-agent
[10:47:27] elapsed=334s busy=true user-1:WaitingForReply:-:lines=44:title=add-vim-visual-mode-both-panes | user-2:WaitingForReply:-:lines=67:title=implement-strict-selected-agent-slash | user-3:WaitingForReply:-:lines=39:title=when-review-process-done-patch-agent
[10:47:32] elapsed=339s busy=true user-1:WaitingForReply:-:lines=44:title=add-vim-visual-mode-both-panes | user-2:WaitingForReply:-:lines=67:title=implement-strict-selected-agent-slash | user-3:WaitingForReply:-:lines=41:title=when-review-process-done-patch-agent
[10:47:42] elapsed=349s busy=true user-1:WaitingForReply:-:lines=44:title=add-vim-visual-mode-both-panes | user-2:WaitingForReply:-:lines=67:title=implement-strict-selected-agent-slash | user-3:WaitingForReply:-:lines=42:title=when-review-process-done-patch-agent
[10:47:47] elapsed=354s busy=true user-1:WaitingForReply:-:lines=44:title=add-vim-visual-mode-both-panes | user-2:WaitingForReply:-:lines=67:title=implement-strict-selected-agent-slash | user-3:WaitingForReply:-:lines=44:title=when-review-process-done-patch-agent
[10:47:52] elapsed=359s busy=true user-1:WaitingForReply:-:lines=44:title=add-vim-visual-mode-both-panes | user-2:WaitingForReply:-:lines=67:title=implement-strict-selected-agent-slash | user-3:WaitingForReply:-:lines=46:title=when-review-process-done-patch-agent
[10:47:57] elapsed=364s busy=true user-1:WaitingForReply:-:lines=44:title=add-vim-visual-mode-both-panes | user-2:WaitingForReply:-:lines=67:title=implement-strict-selected-agent-slash | user-3:WaitingForReply:-:lines=48:title=when-review-process-done-patch-agent
[10:49:08] elapsed=435s busy=true user-1:WaitingForReply:-:lines=44:title=add-vim-visual-mode-both-panes | user-2:WaitingForReply:-:lines=69:title=implement-strict-selected-agent-slash | user-3:WaitingForReply:-:lines=48:title=when-review-process-done-patch-agent
[10:50:24] elapsed=511s busy=true user-1:WaitingForReply:-:lines=46:title=add-vim-visual-mode-both-panes | user-2:WaitingForReply:-:lines=69:title=implement-strict-selected-agent-slash | user-3:WaitingForReply:-:lines=48:title=when-review-process-done-patch-agent
[10:50:34] elapsed=521s busy=true user-1:WaitingForReply:-:lines=47:title=add-vim-visual-mode-both-panes | user-2:WaitingForReply:-:lines=69:title=implement-strict-selected-agent-slash | user-3:WaitingForReply:-:lines=48:title=when-review-process-done-patch-agent
[10:50:54] elapsed=541s busy=true user-1:WaitingForReply:-:lines=47:title=add-vim-visual-mode-both-panes | user-2:WaitingForReply:-:lines=69:title=implement-strict-selected-agent-slash | user-3:WaitingForReply:-:lines=50:title=when-review-process-done-patch-agent
[10:51:05] elapsed=552s busy=true user-1:WaitingForReply:-:lines=47:title=add-vim-visual-mode-both-panes | user-2:WaitingForReply:-:lines=71:title=implement-strict-selected-agent-slash | user-3:WaitingForReply:-:lines=50:title=when-review-process-done-patch-agent
[10:51:10] elapsed=557s busy=true user-1:WaitingForReply:-:lines=47:title=add-vim-visual-mode-both-panes | user-2:WaitingForReply:-:lines=71:title=implement-strict-selected-agent-slash | user-3:WaitingForReply:-:lines=53:title=when-review-process-done-patch-agent
[10:51:20] elapsed=567s busy=true user-1:WaitingForReply:-:lines=47:title=add-vim-visual-mode-both-panes | user-2:WaitingForReply:-:lines=72:title=implement-strict-selected-agent-slash | user-3:WaitingForReply:-:lines=55:title=when-review-process-done-patch-agent
[10:51:35] elapsed=582s busy=true user-1:WaitingForReply:-:lines=47:title=add-vim-visual-mode-both-panes | user-2:WaitingForReply:-:lines=72:title=implement-strict-selected-agent-slash | user-3:WaitingForReply:-:lines=57:title=when-review-process-done-patch-agent
[10:51:40] elapsed=587s busy=true user-1:WaitingForReply:-:lines=47:title=add-vim-visual-mode-both-panes | user-2:WaitingForReply:-:lines=72:title=implement-strict-selected-agent-slash | user-3:WaitingForReply:-:lines=60:title=when-review-process-done-patch-agent
[10:51:45] elapsed=592s busy=true user-1:WaitingForReply:-:lines=47:title=add-vim-visual-mode-both-panes | user-2:WaitingForReply:-:lines=72:title=implement-strict-selected-agent-slash | user-3:WaitingForReply:-:lines=62:title=when-review-process-done-patch-agent
[10:51:51] elapsed=597s busy=true review-user-3:WaitingForReply:-:lines=0:title=review user-agent | user-1:WaitingForReply:-:lines=47:title=add-vim-visual-mode-both-panes | user-2:WaitingForReply:-:lines=72:title=implement-strict-selected-agent-slash | user-3:-:-:lines=64:title=when-review-process-done-patch-agent
[10:51:56] elapsed=603s busy=true review-user-3:WaitingForReply:-:lines=2:title=review user-agent | user-1:WaitingForReply:-:lines=47:title=add-vim-visual-mode-both-panes | user-2:WaitingForReply:-:lines=72:title=implement-strict-selected-agent-slash | user-3:-:-:lines=64:title=when-review-process-done-patch-agent
[10:52:01] elapsed=608s busy=true review-user-3:WaitingForReply:-:lines=2:title=review user-agent | user-1:WaitingForReply:-:lines=47:title=add-vim-visual-mode-both-panes | user-2:WaitingForReply:-:lines=72:title=implement-strict-selected-agent-slash | user-3:-:-:lines=64:title=patch-chat-done-confirmation
[10:52:06] elapsed=613s busy=true review-user-3:WaitingForReply:-:lines=4:title=review user-agent | user-1:WaitingForReply:-:lines=47:title=add-vim-visual-mode-both-panes | user-2:WaitingForReply:-:lines=72:title=implement-strict-selected-agent-slash | user-3:-:-:lines=64:title=patch-chat-done-confirmation
[10:52:16] elapsed=623s busy=true review-user-3:WaitingForReply:-:lines=5:title=review user-agent | user-1:WaitingForReply:-:lines=47:title=add-vim-visual-mode-both-panes | user-2:WaitingForReply:-:lines=72:title=implement-strict-selected-agent-slash | user-3:-:-:lines=64:title=patch-chat-done-confirmation
[10:52:26] elapsed=633s busy=true review-user-3:WaitingForReply:-:lines=7:title=review user-agent | user-1:WaitingForReply:-:lines=47:title=add-vim-visual-mode-both-panes | user-2:WaitingForReply:-:lines=72:title=implement-strict-selected-agent-slash | user-3:-:-:lines=64:title=patch-chat-done-confirmation
[10:52:31] elapsed=638s busy=true review-user-3:WaitingForReply:-:lines=10:title=review user-agent | user-1:WaitingForReply:-:lines=47:title=add-vim-visual-mode-both-panes | user-2:WaitingForReply:-:lines=72:title=implement-strict-selected-agent-slash | user-3:-:-:lines=64:title=patch-chat-done-confirmation
[10:52:51] elapsed=658s busy=true review-user-3:WaitingForReply:-:lines=23:title=review user-agent | user-1:WaitingForReply:-:lines=47:title=add-vim-visual-mode-both-panes | user-2:WaitingForReply:-:lines=72:title=implement-strict-selected-agent-slash | user-3:-:-:lines=64:title=patch-chat-done-confirmation
[10:53:06] elapsed=673s busy=true review-user-3:WaitingForReply:-:lines=35:title=review user-agent | user-1:WaitingForReply:-:lines=47:title=add-vim-visual-mode-both-panes | user-2:WaitingForReply:-:lines=74:title=implement-strict-selected-agent-slash | user-3:-:-:lines=64:title=patch-chat-done-confirmation
[10:53:17] elapsed=684s busy=true review-user-3:WaitingForReply:-:lines=45:title=review user-agent | user-1:WaitingForReply:-:lines=47:title=add-vim-visual-mode-both-panes | user-2:WaitingForReply:-:lines=74:title=implement-strict-selected-agent-slash | user-3:-:-:lines=64:title=patch-chat-done-confirmation
[10:53:22] elapsed=689s busy=true review-user-3:WaitingForReply:-:lines=45:title=review user-agent | user-1:WaitingForReply:-:lines=47:title=add-vim-visual-mode-both-panes | user-2:WaitingForReply:-:lines=77:title=implement-strict-selected-agent-slash | user-3:-:-:lines=64:title=patch-chat-done-confirmation
[10:53:27] elapsed=694s busy=true review-user-3:WaitingForReply:-:lines=58:title=review user-agent | user-1:WaitingForReply:-:lines=47:title=add-vim-visual-mode-both-panes | user-2:WaitingForReply:-:lines=79:title=implement-strict-selected-agent-slash | user-3:-:-:lines=64:title=patch-chat-done-confirmation
[10:53:32] elapsed=699s busy=true review-user-2:WaitingForReply:-:lines=0:title=review user-agent | review-user-3:WaitingForReply:-:lines=60:title=review user-agent | user-1:WaitingForReply:-:lines=47:title=add-vim-visual-mode-both-panes | user-2:-:-:lines=81:title=implement-strict-selected-agent-slash | user-3:-:-:lines=64:title=patch-chat-done-confirmation
[10:53:37] elapsed=704s busy=true review-user-2:WaitingForReply:-:lines=2:title=review user-agent | review-user-3:WaitingForReply:-:lines=60:title=review user-agent | user-1:WaitingForReply:-:lines=47:title=add-vim-visual-mode-both-panes | user-2:-:-:lines=81:title=selected-agent-slash-execution | user-3:-:-:lines=64:title=patch-chat-done-confirmation
[10:53:47] elapsed=714s busy=true review-user-2:WaitingForReply:-:lines=4:title=review user-agent | review-user-3:WaitingForReply:-:lines=60:title=review user-agent | user-1:WaitingForReply:-:lines=47:title=add-vim-visual-mode-both-panes | user-2:-:-:lines=81:title=selected-agent-slash-execution | user-3:-:-:lines=64:title=patch-chat-done-confirmation
[10:53:57] elapsed=724s busy=true review-user-2:WaitingForReply:-:lines=4:title=review user-agent | review-user-3:WaitingForReply:-:lines=60:title=review user-agent | user-1:WaitingForReply:-:lines=49:title=add-vim-visual-mode-both-panes | user-2:-:-:lines=81:title=selected-agent-slash-execution | user-3:-:-:lines=64:title=patch-chat-done-confirmation
[10:54:02] elapsed=729s busy=true review-user-2:WaitingForReply:-:lines=4:title=review user-agent | review-user-3:WaitingForReply:-:lines=63:title=review user-agent | user-1:WaitingForReply:-:lines=49:title=add-vim-visual-mode-both-panes | user-2:-:-:lines=81:title=selected-agent-slash-execution | user-3:-:-:lines=64:title=patch-chat-done-confirmation
[10:54:07] elapsed=734s busy=true review-user-2:WaitingForReply:-:lines=5:title=review user-agent | review-user-3:WaitingForReply:-:lines=63:title=review user-agent | user-1:WaitingForReply:-:lines=49:title=add-vim-visual-mode-both-panes | user-2:-:-:lines=81:title=selected-agent-slash-execution | user-3:-:-:lines=64:title=patch-chat-done-confirmation
[10:54:12] elapsed=739s busy=true review-user-2:WaitingForReply:-:lines=7:title=review user-agent | review-user-3:WaitingForReply:-:lines=71:title=review user-agent | user-1:WaitingForReply:-:lines=50:title=add-vim-visual-mode-both-panes | user-2:-:-:lines=81:title=selected-agent-slash-execution | user-3:-:-:lines=64:title=patch-chat-done-confirmation
[10:54:17] elapsed=744s busy=true review-user-2:WaitingForReply:-:lines=10:title=review user-agent | review-user-3:WaitingForReply:-:lines=71:title=review user-agent | user-1:WaitingForReply:-:lines=50:title=add-vim-visual-mode-both-panes | user-2:-:-:lines=81:title=selected-agent-slash-execution | user-3:-:-:lines=64:title=patch-chat-done-confirmation
[10:54:23] elapsed=749s busy=true review-user-2:WaitingForReply:-:lines=10:title=review user-agent | review-user-3:WaitingForReply:-:lines=73:title=review user-agent | user-1:WaitingForReply:-:lines=50:title=add-vim-visual-mode-both-panes | user-2:-:-:lines=81:title=selected-agent-slash-execution | user-3:-:-:lines=64:title=patch-chat-done-confirmation
[10:54:28] elapsed=755s busy=true review-user-2:WaitingForReply:-:lines=12:title=review user-agent | review-user-3:WaitingForReply:-:lines=73:title=review user-agent | user-1:WaitingForReply:-:lines=50:title=add-vim-visual-mode-both-panes | user-2:-:-:lines=81:title=selected-agent-slash-execution | user-3:-:-:lines=64:title=patch-chat-done-confirmation
[10:54:38] elapsed=765s busy=true review-user-2:WaitingForReply:-:lines=12:title=review user-agent | review-user-3:WaitingForReply:-:lines=74:title=review user-agent | user-1:WaitingForReply:-:lines=50:title=add-vim-visual-mode-both-panes | user-2:-:-:lines=81:title=selected-agent-slash-execution | user-3:-:-:lines=64:title=patch-chat-done-confirmation
[10:54:43] elapsed=770s busy=true review-user-2:WaitingForReply:-:lines=12:title=review user-agent | review-user-3:WaitingForReply:-:lines=76:title=review user-agent | user-1:WaitingForReply:-:lines=50:title=add-vim-visual-mode-both-panes | user-2:-:-:lines=81:title=selected-agent-slash-execution | user-3:-:-:lines=64:title=patch-chat-done-confirmation
[10:54:48] elapsed=775s busy=true review-user-2:WaitingForReply:-:lines=14:title=review user-agent | review-user-3:WaitingForReply:-:lines=76:title=review user-agent | user-1:WaitingForReply:-:lines=50:title=add-vim-visual-mode-both-panes | user-2:-:-:lines=81:title=selected-agent-slash-execution | user-3:-:-:lines=64:title=patch-chat-done-confirmation
[10:54:53] elapsed=780s busy=true review-user-2:WaitingForReply:-:lines=17:title=review user-agent | review-user-3:WaitingForReply:-:lines=84:title=review user-agent | user-1:WaitingForReply:-:lines=50:title=add-vim-visual-mode-both-panes | user-2:-:-:lines=81:title=selected-agent-slash-execution | user-3:-:-:lines=64:title=patch-chat-done-confirmation
[10:55:03] elapsed=790s busy=true review-user-2:WaitingForReply:-:lines=20:title=review user-agent | review-user-3:WaitingForReply:-:lines=84:title=review user-agent | user-1:WaitingForReply:-:lines=50:title=add-vim-visual-mode-both-panes | user-2:-:-:lines=81:title=selected-agent-slash-execution | user-3:-:-:lines=64:title=patch-chat-done-confirmation
[10:55:08] elapsed=795s busy=true review-user-2:WaitingForReply:-:lines=20:title=review user-agent | review-user-3:WaitingForReply:-:lines=93:title=review user-agent | user-1:WaitingForReply:-:lines=50:title=add-vim-visual-mode-both-panes | user-2:-:-:lines=81:title=selected-agent-slash-execution | user-3:-:-:lines=64:title=patch-chat-done-confirmation
[10:55:13] elapsed=800s busy=true review-user-2:WaitingForReply:-:lines=22:title=review user-agent | review-user-3:WaitingForReply:-:lines=93:title=review user-agent | user-1:WaitingForReply:-:lines=50:title=add-vim-visual-mode-both-panes | user-2:-:-:lines=81:title=selected-agent-slash-execution | user-3:-:-:lines=64:title=patch-chat-done-confirmation
[10:55:28] elapsed=815s busy=true review-user-2:WaitingForReply:-:lines=24:title=review user-agent | review-user-3:WaitingForReply:-:lines=93:title=review user-agent | user-1:WaitingForReply:-:lines=50:title=add-vim-visual-mode-both-panes | user-2:-:-:lines=81:title=selected-agent-slash-execution | user-3:-:-:lines=64:title=patch-chat-done-confirmation
[10:55:34] elapsed=821s busy=true review-user-2:WaitingForReply:-:lines=26:title=review user-agent | review-user-3:WaitingForReply:-:lines=95:title=review user-agent | user-1:WaitingForReply:-:lines=50:title=add-vim-visual-mode-both-panes | user-2:-:-:lines=81:title=selected-agent-slash-execution | user-3:-:-:lines=64:title=patch-chat-done-confirmation
[10:55:44] elapsed=831s busy=true review-user-2:WaitingForReply:-:lines=28:title=review user-agent | review-user-3:WaitingForReply:-:lines=97:title=review user-agent | user-1:WaitingForReply:-:lines=50:title=add-vim-visual-mode-both-panes | user-2:-:-:lines=81:title=selected-agent-slash-execution | user-3:-:-:lines=64:title=patch-chat-done-confirmation
[10:56:19] elapsed=866s busy=true review-user-2:WaitingForReply:-:lines=29:title=review user-agent | review-user-3:WaitingForReply:-:lines=98:title=review user-agent | user-1:WaitingForReply:-:lines=50:title=add-vim-visual-mode-both-panes | user-2:WaitingForReply:-:lines=84:title=selected-agent-slash-execution | user-3:WaitingForReply:-:lines=67:title=patch-chat-done-confirmation
[10:56:34] elapsed=881s busy=true review-user-2:WaitingForReply:-:lines=29:title=review user-agent | review-user-3:WaitingForReply:-:lines=98:title=review user-agent | user-1:WaitingForReply:-:lines=50:title=add-vim-visual-mode-both-panes | user-2:WaitingForReply:-:lines=87:title=selected-agent-slash-execution | user-3:WaitingForReply:-:lines=69:title=patch-chat-done-confirmation
[10:56:45] elapsed=892s busy=true review-user-2:WaitingForReply:-:lines=29:title=review user-agent | review-user-3:WaitingForReply:-:lines=98:title=review user-agent | user-1:WaitingForReply:-:lines=50:title=add-vim-visual-mode-both-panes | user-2:WaitingForReply:-:lines=89:title=selected-agent-slash-execution | user-3:WaitingForReply:-:lines=69:title=patch-chat-done-confirmation
[10:56:50] elapsed=897s busy=true review-user-2:WaitingForReply:-:lines=29:title=review user-agent | review-user-3:WaitingForReply:-:lines=98:title=review user-agent | user-1:WaitingForReply:-:lines=50:title=add-vim-visual-mode-both-panes | user-2:WaitingForReply:-:lines=89:title=selected-agent-slash-execution | user-3:WaitingForReply:-:lines=70:title=patch-chat-done-confirmation
[10:56:55] elapsed=902s busy=true review-user-2:WaitingForReply:-:lines=29:title=review user-agent | review-user-3:WaitingForReply:-:lines=98:title=review user-agent | user-1:WaitingForReply:-:lines=50:title=add-vim-visual-mode-both-panes | user-2:WaitingForReply:-:lines=89:title=selected-agent-slash-execution | user-3:WaitingForReply:-:lines=72:title=patch-chat-done-confirmation
[10:57:00] elapsed=907s busy=true review-user-2:WaitingForReply:-:lines=29:title=review user-agent | review-user-3:WaitingForReply:-:lines=98:title=review user-agent | user-1:WaitingForReply:-:lines=50:title=add-vim-visual-mode-both-panes | user-2:WaitingForReply:-:lines=89:title=selected-agent-slash-execution | user-3:WaitingForReply:-:lines=73:title=patch-chat-done-confirmation
[10:57:05] elapsed=912s busy=true review-user-2:WaitingForReply:-:lines=29:title=review user-agent | review-user-3:WaitingForReply:-:lines=98:title=review user-agent | user-1:WaitingForReply:-:lines=50:title=add-vim-visual-mode-both-panes | user-2:WaitingForReply:-:lines=94:title=selected-agent-slash-execution | user-3:WaitingForReply:-:lines=75:title=patch-chat-done-confirmation
[10:57:15] elapsed=922s busy=true review-user-2:WaitingForReply:-:lines=29:title=review user-agent | review-user-3:WaitingForReply:-:lines=98:title=review user-agent | user-1:WaitingForReply:-:lines=52:title=add-vim-visual-mode-both-panes | user-2:WaitingForReply:-:lines=94:title=selected-agent-slash-execution | user-3:WaitingForReply:-:lines=75:title=patch-chat-done-confirmation
[10:57:25] elapsed=932s busy=true review-user-2:WaitingForReply:-:lines=29:title=review user-agent | review-user-3:WaitingForReply:-:lines=98:title=review user-agent | user-1:WaitingForReply:-:lines=53:title=add-vim-visual-mode-both-panes | user-2:WaitingForReply:-:lines=94:title=selected-agent-slash-execution | user-3:WaitingForReply:-:lines=75:title=patch-chat-done-confirmation
[10:57:30] elapsed=937s busy=true review-user-2:WaitingForReply:-:lines=29:title=review user-agent | review-user-3:WaitingForReply:-:lines=98:title=review user-agent | user-1:WaitingForReply:-:lines=53:title=add-vim-visual-mode-both-panes | user-2:WaitingForReply:-:lines=97:title=selected-agent-slash-execution | user-3:WaitingForReply:-:lines=75:title=patch-chat-done-confirmation
[10:57:51] elapsed=958s busy=true review-user-2:WaitingForReply:-:lines=29:title=review user-agent | review-user-3:WaitingForReply:-:lines=98:title=review user-agent | user-1:WaitingForReply:-:lines=55:title=add-vim-visual-mode-both-panes | user-2:WaitingForReply:-:lines=99:title=selected-agent-slash-execution | user-3:WaitingForReply:-:lines=75:title=patch-chat-done-confirmation
[10:57:56] elapsed=963s busy=true review-user-2:WaitingForReply:-:lines=29:title=review user-agent | review-user-3:WaitingForReply:-:lines=98:title=review user-agent | user-1:WaitingForReply:-:lines=55:title=add-vim-visual-mode-both-panes | user-2:WaitingForReply:-:lines=99:title=selected-agent-slash-execution | user-3:WaitingForReply:-:lines=76:title=patch-chat-done-confirmation
[10:58:01] elapsed=968s busy=true review-user-2:WaitingForReply:-:lines=29:title=review user-agent | review-user-3:WaitingForReply:-:lines=98:title=review user-agent | user-1:WaitingForReply:-:lines=56:title=add-vim-visual-mode-both-panes | user-2:WaitingForReply:-:lines=99:title=selected-agent-slash-execution | user-3:WaitingForReply:-:lines=78:title=patch-chat-done-confirmation
[10:58:06] elapsed=973s busy=true review-user-2:WaitingForReply:-:lines=30:title=review user-agent | review-user-3:WaitingForReply:-:lines=98:title=review user-agent | user-1:WaitingForReply:-:lines=56:title=add-vim-visual-mode-both-panes | user-2:WaitingForReply:-:lines=100:title=selected-agent-slash-execution | user-3:WaitingForReply:-:lines=78:title=patch-chat-done-confirmation
[10:58:11] elapsed=978s busy=true review-user-2:WaitingForReply:-:lines=30:title=review user-agent | review-user-3:WaitingForReply:-:lines=98:title=review user-agent | user-1:WaitingForReply:-:lines=56:title=add-vim-visual-mode-both-panes | user-2:WaitingForReply:-:lines=100:title=selected-agent-slash-execution | user-3:WaitingForReply:-:lines=81:title=patch-chat-done-confirmation
[10:58:16] elapsed=983s busy=true review-user-2:WaitingForReply:-:lines=30:title=review user-agent | review-user-3:WaitingForReply:-:lines=98:title=review user-agent | user-1:WaitingForReply:-:lines=56:title=add-vim-visual-mode-both-panes | user-2:WaitingForReply:-:lines=100:title=selected-agent-slash-execution | user-3:WaitingForReply:-:lines=83:title=patch-chat-done-confirmation
[10:58:21] elapsed=988s busy=true review-user-2:WaitingForReply:-:lines=31:title=review user-agent | review-user-3:WaitingForReply:-:lines=98:title=review user-agent | user-1:WaitingForReply:-:lines=56:title=add-vim-visual-mode-both-panes | user-2:WaitingForReply:-:lines=103:title=selected-agent-slash-execution | user-3:WaitingForReply:-:lines=85:title=patch-chat-done-confirmation
[10:58:26] elapsed=993s busy=true review-user-2:WaitingForReply:-:lines=31:title=review user-agent | review-user-3:WaitingForReply:-:lines=98:title=review user-agent | user-1:WaitingForReply:-:lines=56:title=add-vim-visual-mode-both-panes | user-2:WaitingForReply:-:lines=103:title=selected-agent-slash-execution | user-3:WaitingForReply:-:lines=88:title=patch-chat-done-confirmation
[10:58:31] elapsed=998s busy=true review-user-2:WaitingForReply:-:lines=31:title=review user-agent | review-user-3:WaitingForReply:-:lines=98:title=review user-agent | user-1:WaitingForReply:-:lines=56:title=add-vim-visual-mode-both-panes | user-2:WaitingForReply:-:lines=103:title=selected-agent-slash-execution | user-3:WaitingForReply:-:lines=92:title=patch-chat-done-confirmation
[10:58:36] elapsed=1003s busy=true review-user-2:WaitingForReply:-:lines=31:title=review user-agent | review-user-3:WaitingForReply:-:lines=98:title=review user-agent | user-1:WaitingForReply:-:lines=56:title=add-vim-visual-mode-both-panes | user-2:WaitingForReply:-:lines=104:title=selected-agent-slash-execution | user-3:WaitingForReply:-:lines=92:title=patch-chat-done-confirmation
[10:58:41] elapsed=1008s busy=true review-user-2:WaitingForReply:-:lines=31:title=review user-agent | review-user-3:WaitingForReply:-:lines=98:title=review user-agent | user-1:WaitingForReply:-:lines=56:title=add-vim-visual-mode-both-panes | user-2:WaitingForReply:-:lines=109:title=selected-agent-slash-execution | user-3:WaitingForReply:-:lines=94:title=patch-chat-done-confirmation
[10:58:46] elapsed=1013s busy=true review-user-2:WaitingForReply:-:lines=31:title=review user-agent | review-user-3:WaitingForReply:-:lines=98:title=review user-agent | user-1:WaitingForReply:-:lines=56:title=add-vim-visual-mode-both-panes | user-2:WaitingForReply:-:lines=109:title=selected-agent-slash-execution | user-3:WaitingForReply:-:lines=97:title=patch-chat-done-confirmation
[10:58:51] elapsed=1018s busy=true review-user-2:WaitingForReply:-:lines=31:title=review user-agent | review-user-3:WaitingForReply:-:lines=98:title=review user-agent | user-1:WaitingForReply:-:lines=56:title=add-vim-visual-mode-both-panes | user-2:WaitingForReply:-:lines=109:title=selected-agent-slash-execution | user-3:WaitingForReply:-:lines=99:title=patch-chat-done-confirmation
[10:58:56] elapsed=1023s busy=true review-user-2:WaitingForReply:-:lines=31:title=review user-agent | review-user-3:WaitingForReply:-:lines=98:title=review user-agent | user-1:WaitingForReply:-:lines=56:title=add-vim-visual-mode-both-panes | user-2:WaitingForReply:-:lines=110:title=selected-agent-slash-execution | user-3:WaitingForReply:-:lines=100:title=patch-chat-done-confirmation
[10:59:42] elapsed=1069s busy=true review-user-2:WaitingForReply:-:lines=31:title=review user-agent | review-user-3:WaitingForReply:-:lines=98:title=review user-agent | user-1:WaitingForReply:-:lines=56:title=add-vim-visual-mode-both-panes | user-2:WaitingForReply:-:lines=113:title=selected-agent-slash-execution | user-3:WaitingForReply:-:lines=100:title=patch-chat-done-confirmation
[11:00:12] elapsed=1099s busy=true review-user-2:WaitingForReply:-:lines=31:title=review user-agent | review-user-3:WaitingForReply:-:lines=98:title=review user-agent | user-1:WaitingForReply:-:lines=56:title=add-vim-visual-mode-both-panes | user-2:WaitingForReply:-:lines=116:title=selected-agent-slash-execution | user-3:WaitingForReply:-:lines=100:title=patch-chat-done-confirmation
[11:00:17] elapsed=1104s busy=true review-user-2:WaitingForReply:-:lines=31:title=review user-agent | review-user-3:WaitingForReply:-:lines=98:title=review user-agent | user-1:WaitingForReply:-:lines=56:title=add-vim-visual-mode-both-panes | user-2:WaitingForReply:-:lines=116:title=selected-agent-slash-execution | user-3:WaitingForReply:-:lines=102:title=patch-chat-done-confirmation
[11:00:28] elapsed=1115s busy=true review-user-2:WaitingForReply:-:lines=31:title=review user-agent | review-user-3:WaitingForReply:-:lines=98:title=review user-agent | user-1:WaitingForReply:-:lines=56:title=add-vim-visual-mode-both-panes | user-2:WaitingForReply:-:lines=117:title=selected-agent-slash-execution | user-3:WaitingForReply:-:lines=102:title=patch-chat-done-confirmation
[11:00:33] elapsed=1120s busy=true review-user-2:WaitingForReply:-:lines=31:title=review user-agent | review-user-3:WaitingForReply:-:lines=98:title=review user-agent | user-1:WaitingForReply:-:lines=56:title=add-vim-visual-mode-both-panes | user-2:WaitingForReply:-:lines=120:title=selected-agent-slash-execution | user-3:WaitingForReply:-:lines=107:title=patch-chat-done-confirmation
[11:00:38] elapsed=1125s busy=true review-user-2:WaitingForReply:-:lines=31:title=review user-agent | review-user-3:WaitingForReply:-:lines=98:title=review user-agent | user-1:WaitingForReply:-:lines=56:title=add-vim-visual-mode-both-panes | user-2:WaitingForReply:-:lines=122:title=selected-agent-slash-execution | user-3:WaitingForReply:-:lines=107:title=patch-chat-done-confirmation
[11:00:43] elapsed=1130s busy=true review-user-2:WaitingForReply:-:lines=31:title=review user-agent | review-user-3:WaitingForReply:-:lines=98:title=review user-agent | user-1:WaitingForReply:-:lines=56:title=add-vim-visual-mode-both-panes | user-2:WaitingForReply:-:lines=122:title=selected-agent-slash-execution | user-3:WaitingForReply:-:lines=109:title=patch-chat-done-confirmation
[11:00:48] elapsed=1135s busy=true review-user-2:WaitingForReply:-:lines=31:title=review user-agent | review-user-3:WaitingForReply:-:lines=98:title=review user-agent | user-1:WaitingForReply:-:lines=56:title=add-vim-visual-mode-both-panes | user-2:WaitingForReply:-:lines=122:title=selected-agent-slash-execution | user-3:WaitingForReply:-:lines=112:title=patch-chat-done-confirmation
[11:00:53] elapsed=1140s busy=true review-user-2:WaitingForReply:-:lines=31:title=review user-agent | review-user-3:WaitingForReply:-:lines=98:title=review user-agent | user-1:WaitingForReply:-:lines=56:title=add-vim-visual-mode-both-panes | user-2:WaitingForReply:-:lines=125:title=selected-agent-slash-execution | user-3:WaitingForReply:-:lines=112:title=patch-chat-done-confirmation
[11:00:58] elapsed=1145s busy=true review-user-2:WaitingForReply:-:lines=31:title=review user-agent | review-user-3:WaitingForReply:-:lines=98:title=review user-agent | user-1:WaitingForReply:-:lines=58:title=add-vim-visual-mode-both-panes | user-2:WaitingForReply:-:lines=125:title=selected-agent-slash-execution | user-3:WaitingForReply:-:lines=114:title=patch-chat-done-confirmation
[11:01:03] elapsed=1150s busy=true review-user-2:WaitingForReply:-:lines=31:title=review user-agent | review-user-3:WaitingForReply:-:lines=99:title=review user-agent | user-1:WaitingForReply:-:lines=58:title=add-vim-visual-mode-both-panes | user-2:WaitingForReply:-:lines=125:title=selected-agent-slash-execution | user-3:WaitingForReply:-:lines=115:title=patch-chat-done-confirmation
[11:01:08] elapsed=1155s busy=true review-user-2:WaitingForReply:-:lines=31:title=review user-agent | review-user-3:WaitingForReply:-:lines=101:title=review user-agent | user-1:WaitingForReply:-:lines=58:title=add-vim-visual-mode-both-panes | user-2:WaitingForReply:-:lines=125:title=selected-agent-slash-execution | user-3:WaitingForReply:-:lines=115:title=patch-chat-done-confirmation
[11:01:13] elapsed=1160s busy=true review-user-2:WaitingForReply:-:lines=31:title=review user-agent | review-user-3:WaitingForReply:-:lines=101:title=review user-agent | user-1:WaitingForReply:-:lines=59:title=add-vim-visual-mode-both-panes | user-2:WaitingForReply:-:lines=128:title=selected-agent-slash-execution | user-3:WaitingForReply:-:lines=115:title=patch-chat-done-confirmation
[11:01:23] elapsed=1170s busy=true review-user-2:WaitingForReply:-:lines=31:title=review user-agent | review-user-3:WaitingForReply:-:lines=102:title=review user-agent | user-1:WaitingForReply:-:lines=59:title=add-vim-visual-mode-both-panes | user-2:WaitingForReply:-:lines=128:title=selected-agent-slash-execution | user-3:WaitingForReply:-:lines=115:title=patch-chat-done-confirmation
[11:01:44] elapsed=1191s busy=true review-user-2:WaitingForReply:-:lines=31:title=review user-agent | review-user-3:WaitingForReply:-:lines=102:title=review user-agent | user-1:WaitingForReply:-:lines=59:title=add-vim-visual-mode-both-panes | user-2:WaitingForReply:-:lines=130:title=selected-agent-slash-execution | user-3:WaitingForReply:-:lines=115:title=patch-chat-done-confirmation
[11:01:49] elapsed=1196s busy=true review-user-2:WaitingForReply:-:lines=32:title=review user-agent | review-user-3:WaitingForReply:-:lines=102:title=review user-agent | user-1:WaitingForReply:-:lines=59:title=add-vim-visual-mode-both-panes | user-2:WaitingForReply:-:lines=131:title=selected-agent-slash-execution | user-3:WaitingForReply:-:lines=115:title=patch-chat-done-confirmation
[11:01:59] elapsed=1206s busy=true review-user-2:-:-:lines=34:title=review user-agent | review-user-3:WaitingForReply:-:lines=102:title=review user-agent | user-1:WaitingForReply:-:lines=59:title=add-vim-visual-mode-both-panes | user-2:-:NeedsDecision:lines=133:title=selected-agent-slash-execution | user-3:WaitingForReply:-:lines=115:title=patch-chat-done-confirmation
[11:03:00] elapsed=1267s busy=true review-user-2:-:-:lines=34:title=review user-agent | review-user-3:WaitingForReply:-:lines=103:title=review user-agent | user-1:WaitingForReply:-:lines=59:title=add-vim-visual-mode-both-panes | user-2:-:NeedsDecision:lines=133:title=selected-agent-slash-execution | user-3:WaitingForReply:-:lines=118:title=patch-chat-done-confirmation
[11:03:15] elapsed=1282s busy=true review-user-2:-:-:lines=34:title=review user-agent | review-user-3:WaitingForReply:-:lines=103:title=review user-agent | user-1:WaitingForReply:-:lines=59:title=add-vim-visual-mode-both-panes | user-2:-:NeedsDecision:lines=133:title=selected-agent-slash-execution | user-3:WaitingForReply:-:lines=120:title=patch-chat-done-confirmation
[11:03:25] elapsed=1292s busy=true review-user-2:-:-:lines=34:title=review user-agent | review-user-3:WaitingForReply:-:lines=103:title=review user-agent | user-1:WaitingForReply:-:lines=59:title=add-vim-visual-mode-both-panes | user-2:-:NeedsDecision:lines=133:title=selected-agent-slash-execution | user-3:WaitingForReply:-:lines=121:title=patch-chat-done-confirmation
[11:03:30] elapsed=1297s busy=true review-user-2:-:-:lines=34:title=review user-agent | review-user-3:WaitingForReply:-:lines=103:title=review user-agent | user-1:WaitingForReply:-:lines=59:title=add-vim-visual-mode-both-panes | user-2:-:NeedsDecision:lines=133:title=selected-agent-slash-execution | user-3:WaitingForReply:-:lines=123:title=patch-chat-done-confirmation
[11:04:06] elapsed=1333s busy=true review-user-2:-:-:lines=34:title=review user-agent | review-user-3:WaitingForReply:-:lines=103:title=review user-agent | user-1:WaitingForReply:-:lines=61:title=add-vim-visual-mode-both-panes | user-2:-:NeedsDecision:lines=133:title=selected-agent-slash-execution | user-3:WaitingForReply:-:lines=123:title=patch-chat-done-confirmation
[11:04:21] elapsed=1348s busy=true review-user-2:-:-:lines=34:title=review user-agent | review-user-3:WaitingForReply:-:lines=103:title=review user-agent | user-1:WaitingForReply:-:lines=63:title=add-vim-visual-mode-both-panes | user-2:-:NeedsDecision:lines=133:title=selected-agent-slash-execution | user-3:WaitingForReply:-:lines=123:title=patch-chat-done-confirmation
[11:04:36] elapsed=1363s busy=true review-user-2:-:-:lines=34:title=review user-agent | review-user-3:WaitingForReply:-:lines=103:title=review user-agent | user-1:WaitingForReply:-:lines=63:title=add-vim-visual-mode-both-panes | user-2:-:NeedsDecision:lines=133:title=selected-agent-slash-execution | user-3:WaitingForReply:-:lines=125:title=patch-chat-done-confirmation
[11:05:32] elapsed=1419s busy=true review-user-2:-:-:lines=34:title=review user-agent | review-user-3:WaitingForReply:-:lines=103:title=review user-agent | user-1:WaitingForReply:-:lines=63:title=add-vim-visual-mode-both-panes | user-2:-:NeedsDecision:lines=133:title=selected-agent-slash-execution | user-3:WaitingForReply:-:lines=127:title=patch-chat-done-confirmation
[11:05:42] elapsed=1429s busy=true review-user-2:-:-:lines=34:title=review user-agent | review-user-3:WaitingForReply:-:lines=103:title=review user-agent | user-1:WaitingForReply:-:lines=63:title=add-vim-visual-mode-both-panes | user-2:-:NeedsDecision:lines=133:title=selected-agent-slash-execution | user-3:WaitingForReply:-:lines=128:title=patch-chat-done-confirmation
[11:05:47] elapsed=1434s busy=true review-user-2:-:-:lines=34:title=review user-agent | review-user-3:WaitingForReply:-:lines=103:title=review user-agent | user-1:WaitingForReply:-:lines=63:title=add-vim-visual-mode-both-panes | user-2:-:NeedsDecision:lines=133:title=selected-agent-slash-execution | user-3:WaitingForReply:-:lines=130:title=patch-chat-done-confirmation
[11:05:52] elapsed=1439s busy=true review-user-2:-:-:lines=34:title=review user-agent | review-user-3:WaitingForReply:-:lines=103:title=review user-agent | user-1:WaitingForReply:-:lines=63:title=add-vim-visual-mode-both-panes | user-2:-:NeedsDecision:lines=133:title=selected-agent-slash-execution | user-3:WaitingForReply:-:lines=133:title=patch-chat-done-confirmation
[11:06:48] elapsed=1495s busy=true review-user-2:-:-:lines=34:title=review user-agent | review-user-3:WaitingForReply:-:lines=103:title=review user-agent | user-1:WaitingForReply:-:lines=63:title=add-vim-visual-mode-both-panes | user-2:-:NeedsDecision:lines=133:title=selected-agent-slash-execution | user-3:WaitingForReply:-:lines=135:title=patch-chat-done-confirmation
[11:07:33] elapsed=1540s busy=true review-user-2:-:-:lines=34:title=review user-agent | review-user-3:WaitingForReply:-:lines=103:title=review user-agent | user-1:WaitingForReply:-:lines=65:title=add-vim-visual-mode-both-panes | user-2:-:NeedsDecision:lines=133:title=selected-agent-slash-execution | user-3:WaitingForReply:-:lines=135:title=patch-chat-done-confirmation
[11:07:44] elapsed=1551s busy=true review-user-2:-:-:lines=34:title=review user-agent | review-user-3:WaitingForReply:-:lines=103:title=review user-agent | user-1:WaitingForReply:-:lines=68:title=add-vim-visual-mode-both-panes | user-2:-:NeedsDecision:lines=133:title=selected-agent-slash-execution | user-3:WaitingForReply:-:lines=137:title=patch-chat-done-confirmation
[11:07:49] elapsed=1556s busy=true review-user-2:-:-:lines=34:title=review user-agent | review-user-3:WaitingForReply:-:lines=103:title=review user-agent | user-1:WaitingForReply:-:lines=70:title=add-vim-visual-mode-both-panes | user-2:-:NeedsDecision:lines=133:title=selected-agent-slash-execution | user-3:WaitingForReply:-:lines=140:title=patch-chat-done-confirmation
[11:07:59] elapsed=1566s busy=true review-user-2:-:-:lines=34:title=review user-agent | review-user-3:WaitingForReply:-:lines=103:title=review user-agent | user-1:WaitingForReply:-:lines=70:title=add-vim-visual-mode-both-panes | user-2:-:NeedsDecision:lines=133:title=selected-agent-slash-execution | user-3:WaitingForReply:-:lines=142:title=patch-chat-done-confirmation
[11:08:04] elapsed=1571s busy=true review-user-2:-:-:lines=34:title=review user-agent | review-user-3:WaitingForReply:-:lines=104:title=review user-agent | user-1:WaitingForReply:-:lines=70:title=add-vim-visual-mode-both-panes | user-2:-:NeedsDecision:lines=133:title=selected-agent-slash-execution | user-3:WaitingForReply:-:lines=143:title=patch-chat-done-confirmation
[11:08:09] elapsed=1576s busy=true review-user-2:-:-:lines=34:title=review user-agent | review-user-3:WaitingForReply:-:lines=104:title=review user-agent | user-1:WaitingForReply:-:lines=72:title=add-vim-visual-mode-both-panes | user-2:-:NeedsDecision:lines=133:title=selected-agent-slash-execution | user-3:WaitingForReply:-:lines=143:title=patch-chat-done-confirmation
[11:08:14] elapsed=1581s busy=true review-user-2:-:-:lines=34:title=review user-agent | review-user-3:-:-:lines=106:title=review user-agent | user-1:WaitingForReply:-:lines=72:title=add-vim-visual-mode-both-panes | user-2:-:NeedsDecision:lines=133:title=selected-agent-slash-execution | user-3:-:NeedsDecision:lines=145:title=patch-chat-done-confirmation
[11:08:19] elapsed=1586s busy=true review-user-2:-:-:lines=34:title=review user-agent | review-user-3:-:-:lines=106:title=review user-agent | user-1:WaitingForReply:-:lines=75:title=add-vim-visual-mode-both-panes | user-2:-:NeedsDecision:lines=133:title=selected-agent-slash-execution | user-3:-:NeedsDecision:lines=145:title=patch-chat-done-confirmation
[11:08:24] elapsed=1591s busy=true review-user-2:-:-:lines=34:title=review user-agent | review-user-3:-:-:lines=106:title=review user-agent | user-1:WaitingForReply:-:lines=76:title=add-vim-visual-mode-both-panes | user-2:-:NeedsDecision:lines=133:title=selected-agent-slash-execution | user-3:-:NeedsDecision:lines=145:title=patch-chat-done-confirmation
[11:08:29] elapsed=1596s busy=true review-user-2:-:-:lines=34:title=review user-agent | review-user-3:-:-:lines=106:title=review user-agent | user-1:WaitingForReply:-:lines=78:title=add-vim-visual-mode-both-panes | user-2:-:NeedsDecision:lines=133:title=selected-agent-slash-execution | user-3:-:NeedsDecision:lines=145:title=patch-chat-done-confirmation
[11:08:39] elapsed=1606s busy=true review-user-2:-:-:lines=34:title=review user-agent | review-user-3:-:-:lines=106:title=review user-agent | user-1:WaitingForReply:-:lines=79:title=add-vim-visual-mode-both-panes | user-2:-:NeedsDecision:lines=133:title=selected-agent-slash-execution | user-3:-:NeedsDecision:lines=145:title=patch-chat-done-confirmation
[11:08:45] elapsed=1612s busy=true review-user-2:-:-:lines=34:title=review user-agent | review-user-3:-:-:lines=106:title=review user-agent | user-1:WaitingForReply:-:lines=81:title=add-vim-visual-mode-both-panes | user-2:-:NeedsDecision:lines=133:title=selected-agent-slash-execution | user-3:-:NeedsDecision:lines=145:title=patch-chat-done-confirmation
[11:08:50] elapsed=1617s busy=true review-user-2:-:-:lines=34:title=review user-agent | review-user-3:-:-:lines=106:title=review user-agent | user-1:WaitingForReply:-:lines=83:title=add-vim-visual-mode-both-panes | user-2:-:NeedsDecision:lines=133:title=selected-agent-slash-execution | user-3:-:NeedsDecision:lines=145:title=patch-chat-done-confirmation
[11:08:55] elapsed=1622s busy=true review-user-2:-:-:lines=34:title=review user-agent | review-user-3:-:-:lines=106:title=review user-agent | user-1:WaitingForReply:-:lines=84:title=add-vim-visual-mode-both-panes | user-2:-:NeedsDecision:lines=133:title=selected-agent-slash-execution | user-3:-:NeedsDecision:lines=145:title=patch-chat-done-confirmation
[11:09:00] elapsed=1627s busy=true review-user-2:-:-:lines=34:title=review user-agent | review-user-3:-:-:lines=106:title=review user-agent | user-1:WaitingForReply:-:lines=86:title=add-vim-visual-mode-both-panes | user-2:-:NeedsDecision:lines=133:title=selected-agent-slash-execution | user-3:-:NeedsDecision:lines=145:title=patch-chat-done-confirmation
[11:09:05] elapsed=1632s busy=true review-user-2:-:-:lines=34:title=review user-agent | review-user-3:-:-:lines=106:title=review user-agent | user-1:WaitingForReply:-:lines=87:title=add-vim-visual-mode-both-panes | user-2:-:NeedsDecision:lines=133:title=selected-agent-slash-execution | user-3:-:NeedsDecision:lines=145:title=patch-chat-done-confirmation
[11:09:10] elapsed=1637s busy=true review-user-2:-:-:lines=34:title=review user-agent | review-user-3:-:-:lines=106:title=review user-agent | user-1:WaitingForReply:-:lines=90:title=add-vim-visual-mode-both-panes | user-2:-:NeedsDecision:lines=133:title=selected-agent-slash-execution | user-3:-:NeedsDecision:lines=145:title=patch-chat-done-confirmation
[11:09:15] elapsed=1642s busy=true review-user-2:-:-:lines=34:title=review user-agent | review-user-3:-:-:lines=106:title=review user-agent | user-1:WaitingForReply:-:lines=92:title=add-vim-visual-mode-both-panes | user-2:-:NeedsDecision:lines=133:title=selected-agent-slash-execution | user-3:-:NeedsDecision:lines=145:title=patch-chat-done-confirmation
[11:10:11] elapsed=1698s busy=true review-user-2:-:-:lines=34:title=review user-agent | review-user-3:-:-:lines=106:title=review user-agent | user-1:WaitingForReply:-:lines=97:title=add-vim-visual-mode-both-panes | user-2:-:NeedsDecision:lines=133:title=selected-agent-slash-execution | user-3:-:NeedsDecision:lines=145:title=patch-chat-done-confirmation
[11:11:12] elapsed=1759s busy=true review-user-1:WaitingForReply:-:lines=0:title=review user-agent | review-user-2:-:-:lines=34:title=review user-agent | review-user-3:-:-:lines=106:title=review user-agent | user-1:-:-:lines=99:title=add-vim-visual-mode-both-panes | user-2:-:NeedsDecision:lines=133:title=selected-agent-slash-execution | user-3:-:NeedsDecision:lines=145:title=patch-chat-done-confirmation
[11:11:17] elapsed=1764s busy=true review-user-1:WaitingForReply:-:lines=2:title=review user-agent | review-user-2:-:-:lines=34:title=review user-agent | review-user-3:-:-:lines=106:title=review user-agent | user-1:-:-:lines=99:title=vim-visual-mode-pane-selection | user-2:-:NeedsDecision:lines=133:title=selected-agent-slash-execution | user-3:-:NeedsDecision:lines=145:title=patch-chat-done-confirmation
[11:11:27] elapsed=1774s busy=true review-user-1:WaitingForReply:-:lines=4:title=review user-agent | review-user-2:-:-:lines=34:title=review user-agent | review-user-3:-:-:lines=106:title=review user-agent | user-1:-:-:lines=99:title=vim-visual-mode-pane-selection | user-2:-:NeedsDecision:lines=133:title=selected-agent-slash-execution | user-3:-:NeedsDecision:lines=145:title=patch-chat-done-confirmation
[11:12:02] elapsed=1809s busy=true review-user-1:WaitingForReply:-:lines=7:title=review user-agent | review-user-2:-:-:lines=34:title=review user-agent | review-user-3:-:-:lines=106:title=review user-agent | user-1:-:-:lines=99:title=vim-visual-mode-pane-selection | user-2:-:NeedsDecision:lines=133:title=selected-agent-slash-execution | user-3:-:NeedsDecision:lines=145:title=patch-chat-done-confirmation
[11:12:08] elapsed=1815s busy=true review-user-1:WaitingForReply:-:lines=10:title=review user-agent | review-user-2:-:-:lines=34:title=review user-agent | review-user-3:-:-:lines=106:title=review user-agent | user-1:-:-:lines=99:title=vim-visual-mode-pane-selection | user-2:-:NeedsDecision:lines=133:title=selected-agent-slash-execution | user-3:-:NeedsDecision:lines=145:title=patch-chat-done-confirmation
[11:12:13] elapsed=1820s busy=true review-user-1:WaitingForReply:-:lines=12:title=review user-agent | review-user-2:-:-:lines=34:title=review user-agent | review-user-3:-:-:lines=106:title=review user-agent | user-1:-:-:lines=99:title=vim-visual-mode-pane-selection | user-2:-:NeedsDecision:lines=133:title=selected-agent-slash-execution | user-3:-:NeedsDecision:lines=145:title=patch-chat-done-confirmation
[11:12:23] elapsed=1830s busy=true review-user-1:WaitingForReply:-:lines=14:title=review user-agent | review-user-2:-:-:lines=34:title=review user-agent | review-user-3:-:-:lines=106:title=review user-agent | user-1:-:-:lines=99:title=vim-visual-mode-pane-selection | user-2:-:NeedsDecision:lines=133:title=selected-agent-slash-execution | user-3:-:NeedsDecision:lines=145:title=patch-chat-done-confirmation
[11:12:28] elapsed=1835s busy=true review-user-1:WaitingForReply:-:lines=16:title=review user-agent | review-user-2:-:-:lines=34:title=review user-agent | review-user-3:-:-:lines=106:title=review user-agent | user-1:-:-:lines=99:title=vim-visual-mode-pane-selection | user-2:-:NeedsDecision:lines=133:title=selected-agent-slash-execution | user-3:-:NeedsDecision:lines=145:title=patch-chat-done-confirmation
[11:12:43] elapsed=1850s busy=true review-user-1:WaitingForReply:-:lines=18:title=review user-agent | review-user-2:-:-:lines=34:title=review user-agent | review-user-3:-:-:lines=106:title=review user-agent | user-1:-:-:lines=99:title=vim-visual-mode-pane-selection | user-2:-:NeedsDecision:lines=133:title=selected-agent-slash-execution | user-3:-:NeedsDecision:lines=145:title=patch-chat-done-confirmation
[11:12:58] elapsed=1865s busy=true review-user-1:WaitingForReply:-:lines=20:title=review user-agent | review-user-2:-:-:lines=34:title=review user-agent | review-user-3:-:-:lines=106:title=review user-agent | user-1:-:-:lines=99:title=vim-visual-mode-pane-selection | user-2:-:NeedsDecision:lines=133:title=selected-agent-slash-execution | user-3:-:NeedsDecision:lines=145:title=patch-chat-done-confirmation
[11:13:03] elapsed=1870s busy=true review-user-1:WaitingForReply:-:lines=21:title=review user-agent | review-user-2:-:-:lines=34:title=review user-agent | review-user-3:-:-:lines=106:title=review user-agent | user-1:-:-:lines=99:title=vim-visual-mode-pane-selection | user-2:-:NeedsDecision:lines=133:title=selected-agent-slash-execution | user-3:-:NeedsDecision:lines=145:title=patch-chat-done-confirmation
[11:13:08] elapsed=1875s busy=true review-user-1:WaitingForReply:-:lines=23:title=review user-agent | review-user-2:-:-:lines=34:title=review user-agent | review-user-3:-:-:lines=106:title=review user-agent | user-1:-:-:lines=99:title=vim-visual-mode-pane-selection | user-2:-:NeedsDecision:lines=133:title=selected-agent-slash-execution | user-3:-:NeedsDecision:lines=145:title=patch-chat-done-confirmation
[11:13:34] elapsed=1901s busy=true review-user-1:WaitingForReply:-:lines=25:title=review user-agent | review-user-2:-:-:lines=34:title=review user-agent | review-user-3:-:-:lines=106:title=review user-agent | user-1:-:-:lines=99:title=vim-visual-mode-pane-selection | user-2:-:NeedsDecision:lines=133:title=selected-agent-slash-execution | user-3:-:NeedsDecision:lines=145:title=patch-chat-done-confirmation
[11:13:44] elapsed=1911s busy=true review-user-1:WaitingForReply:-:lines=27:title=review user-agent | review-user-2:-:-:lines=34:title=review user-agent | review-user-3:-:-:lines=106:title=review user-agent | user-1:-:-:lines=99:title=vim-visual-mode-pane-selection | user-2:-:NeedsDecision:lines=133:title=selected-agent-slash-execution | user-3:-:NeedsDecision:lines=145:title=patch-chat-done-confirmation
[11:13:49] elapsed=1916s busy=true review-user-1:WaitingForReply:-:lines=29:title=review user-agent | review-user-2:-:-:lines=34:title=review user-agent | review-user-3:-:-:lines=106:title=review user-agent | user-1:-:-:lines=99:title=vim-visual-mode-pane-selection | user-2:-:NeedsDecision:lines=133:title=selected-agent-slash-execution | user-3:-:NeedsDecision:lines=145:title=patch-chat-done-confirmation
[11:14:20] elapsed=1947s busy=true review-user-1:WaitingForReply:-:lines=31:title=review user-agent | review-user-2:-:-:lines=34:title=review user-agent | review-user-3:-:-:lines=106:title=review user-agent | user-1:-:-:lines=99:title=vim-visual-mode-pane-selection | user-2:-:NeedsDecision:lines=133:title=selected-agent-slash-execution | user-3:-:NeedsDecision:lines=145:title=patch-chat-done-confirmation
[11:14:55] elapsed=1982s busy=true review-user-1:WaitingForReply:-:lines=33:title=review user-agent | review-user-2:-:-:lines=34:title=review user-agent | review-user-3:-:-:lines=106:title=review user-agent | user-1:-:-:lines=99:title=vim-visual-mode-pane-selection | user-2:-:NeedsDecision:lines=133:title=selected-agent-slash-execution | user-3:-:NeedsDecision:lines=145:title=patch-chat-done-confirmation
[11:15:00] elapsed=1987s busy=true review-user-1:WaitingForReply:-:lines=35:title=review user-agent | review-user-2:-:-:lines=34:title=review user-agent | review-user-3:-:-:lines=106:title=review user-agent | user-1:-:-:lines=99:title=vim-visual-mode-pane-selection | user-2:-:NeedsDecision:lines=133:title=selected-agent-slash-execution | user-3:-:NeedsDecision:lines=145:title=patch-chat-done-confirmation
[11:15:26] elapsed=2013s busy=true review-user-1:WaitingForReply:-:lines=36:title=review user-agent | review-user-2:-:-:lines=34:title=review user-agent | review-user-3:-:-:lines=106:title=review user-agent | user-1:WaitingForReply:-:lines=102:title=vim-visual-mode-pane-selection | user-2:-:NeedsDecision:lines=133:title=selected-agent-slash-execution | user-3:-:NeedsDecision:lines=145:title=patch-chat-done-confirmation
[11:15:41] elapsed=2028s busy=true review-user-1:WaitingForReply:-:lines=36:title=review user-agent | review-user-2:-:-:lines=34:title=review user-agent | review-user-3:-:-:lines=106:title=review user-agent | user-1:WaitingForReply:-:lines=103:title=vim-visual-mode-pane-selection | user-2:-:NeedsDecision:lines=133:title=selected-agent-slash-execution | user-3:-:NeedsDecision:lines=145:title=patch-chat-done-confirmation
[11:15:46] elapsed=2033s busy=true review-user-1:WaitingForReply:-:lines=36:title=review user-agent | review-user-2:-:-:lines=34:title=review user-agent | review-user-3:-:-:lines=106:title=review user-agent | user-1:WaitingForReply:-:lines=105:title=vim-visual-mode-pane-selection | user-2:-:NeedsDecision:lines=133:title=selected-agent-slash-execution | user-3:-:NeedsDecision:lines=145:title=patch-chat-done-confirmation
[11:16:21] elapsed=2068s busy=true review-user-1:WaitingForReply:-:lines=36:title=review user-agent | review-user-2:-:-:lines=34:title=review user-agent | review-user-3:-:-:lines=106:title=review user-agent | user-1:WaitingForReply:-:lines=107:title=vim-visual-mode-pane-selection | user-2:-:NeedsDecision:lines=133:title=selected-agent-slash-execution | user-3:-:NeedsDecision:lines=145:title=patch-chat-done-confirmation
[11:16:37] elapsed=2084s busy=true review-user-1:WaitingForReply:-:lines=36:title=review user-agent | review-user-2:-:-:lines=34:title=review user-agent | review-user-3:-:-:lines=106:title=review user-agent | user-1:WaitingForReply:-:lines=110:title=vim-visual-mode-pane-selection | user-2:-:NeedsDecision:lines=133:title=selected-agent-slash-execution | user-3:-:NeedsDecision:lines=145:title=patch-chat-done-confirmation
[11:16:42] elapsed=2089s busy=true review-user-1:WaitingForReply:-:lines=36:title=review user-agent | review-user-2:-:-:lines=34:title=review user-agent | review-user-3:-:-:lines=106:title=review user-agent | user-1:WaitingForReply:-:lines=111:title=vim-visual-mode-pane-selection | user-2:-:NeedsDecision:lines=133:title=selected-agent-slash-execution | user-3:-:NeedsDecision:lines=145:title=patch-chat-done-confirmation
[11:16:47] elapsed=2094s busy=true review-user-1:WaitingForReply:-:lines=36:title=review user-agent | review-user-2:-:-:lines=34:title=review user-agent | review-user-3:-:-:lines=106:title=review user-agent | user-1:WaitingForReply:-:lines=113:title=vim-visual-mode-pane-selection | user-2:-:NeedsDecision:lines=133:title=selected-agent-slash-execution | user-3:-:NeedsDecision:lines=145:title=patch-chat-done-confirmation
[11:16:57] elapsed=2104s busy=true review-user-1:WaitingForReply:-:lines=36:title=review user-agent | review-user-2:-:-:lines=34:title=review user-agent | review-user-3:-:-:lines=106:title=review user-agent | user-1:WaitingForReply:-:lines=116:title=vim-visual-mode-pane-selection | user-2:-:NeedsDecision:lines=133:title=selected-agent-slash-execution | user-3:-:NeedsDecision:lines=145:title=patch-chat-done-confirmation
[11:17:02] elapsed=2109s busy=true review-user-1:WaitingForReply:-:lines=36:title=review user-agent | review-user-2:-:-:lines=34:title=review user-agent | review-user-3:-:-:lines=106:title=review user-agent | user-1:WaitingForReply:-:lines=117:title=vim-visual-mode-pane-selection | user-2:-:NeedsDecision:lines=133:title=selected-agent-slash-execution | user-3:-:NeedsDecision:lines=145:title=patch-chat-done-confirmation
[11:17:07] elapsed=2114s busy=true review-user-1:WaitingForReply:-:lines=36:title=review user-agent | review-user-2:-:-:lines=34:title=review user-agent | review-user-3:-:-:lines=106:title=review user-agent | user-1:WaitingForReply:-:lines=119:title=vim-visual-mode-pane-selection | user-2:-:NeedsDecision:lines=133:title=selected-agent-slash-execution | user-3:-:NeedsDecision:lines=145:title=patch-chat-done-confirmation
[11:17:32] elapsed=2139s busy=true review-user-1:WaitingForReply:-:lines=36:title=review user-agent | review-user-2:-:-:lines=34:title=review user-agent | review-user-3:-:-:lines=106:title=review user-agent | user-1:WaitingForReply:-:lines=121:title=vim-visual-mode-pane-selection | user-2:-:NeedsDecision:lines=133:title=selected-agent-slash-execution | user-3:-:NeedsDecision:lines=145:title=patch-chat-done-confirmation
[11:18:08] elapsed=2175s busy=true review-user-1:WaitingForReply:-:lines=36:title=review user-agent | review-user-2:-:-:lines=34:title=review user-agent | review-user-3:-:-:lines=106:title=review user-agent | user-1:WaitingForReply:-:lines=122:title=vim-visual-mode-pane-selection | user-2:-:NeedsDecision:lines=133:title=selected-agent-slash-execution | user-3:-:NeedsDecision:lines=145:title=patch-chat-done-confirmation
[11:18:13] elapsed=2180s busy=true review-user-1:WaitingForReply:-:lines=36:title=review user-agent | review-user-2:-:-:lines=34:title=review user-agent | review-user-3:-:-:lines=106:title=review user-agent | user-1:WaitingForReply:-:lines=124:title=vim-visual-mode-pane-selection | user-2:-:NeedsDecision:lines=133:title=selected-agent-slash-execution | user-3:-:NeedsDecision:lines=145:title=patch-chat-done-confirmation
[11:18:18] elapsed=2185s busy=true review-user-1:WaitingForReply:-:lines=36:title=review user-agent | review-user-2:-:-:lines=34:title=review user-agent | review-user-3:-:-:lines=106:title=review user-agent | user-1:WaitingForReply:-:lines=126:title=vim-visual-mode-pane-selection | user-2:-:NeedsDecision:lines=133:title=selected-agent-slash-execution | user-3:-:NeedsDecision:lines=145:title=patch-chat-done-confirmation
[11:18:23] elapsed=2190s busy=true review-user-1:WaitingForReply:-:lines=36:title=review user-agent | review-user-2:-:-:lines=34:title=review user-agent | review-user-3:-:-:lines=106:title=review user-agent | user-1:WaitingForReply:-:lines=128:title=vim-visual-mode-pane-selection | user-2:-:NeedsDecision:lines=133:title=selected-agent-slash-execution | user-3:-:NeedsDecision:lines=145:title=patch-chat-done-confirmation
[11:19:29] elapsed=2256s busy=true review-user-1:WaitingForReply:-:lines=36:title=review user-agent | review-user-2:-:-:lines=34:title=review user-agent | review-user-3:-:-:lines=106:title=review user-agent | user-1:WaitingForReply:-:lines=130:title=vim-visual-mode-pane-selection | user-2:-:NeedsDecision:lines=133:title=selected-agent-slash-execution | user-3:-:NeedsDecision:lines=145:title=patch-chat-done-confirmation
[11:19:34] elapsed=2261s busy=true review-user-1:WaitingForReply:-:lines=36:title=review user-agent | review-user-2:-:-:lines=34:title=review user-agent | review-user-3:-:-:lines=106:title=review user-agent | user-1:WaitingForReply:-:lines=131:title=vim-visual-mode-pane-selection | user-2:-:NeedsDecision:lines=133:title=selected-agent-slash-execution | user-3:-:NeedsDecision:lines=145:title=patch-chat-done-confirmation
[11:19:40] elapsed=2267s busy=true review-user-1:WaitingForReply:-:lines=36:title=review user-agent | review-user-2:-:-:lines=34:title=review user-agent | review-user-3:-:-:lines=106:title=review user-agent | user-1:WaitingForReply:-:lines=133:title=vim-visual-mode-pane-selection | user-2:-:NeedsDecision:lines=133:title=selected-agent-slash-execution | user-3:-:NeedsDecision:lines=145:title=patch-chat-done-confirmation
[11:20:51] elapsed=2338s busy=true review-user-1:WaitingForReply:-:lines=36:title=review user-agent | review-user-2:-:-:lines=34:title=review user-agent | review-user-3:-:-:lines=106:title=review user-agent | user-1:WaitingForReply:-:lines=138:title=vim-visual-mode-pane-selection | user-2:-:NeedsDecision:lines=133:title=selected-agent-slash-execution | user-3:-:NeedsDecision:lines=145:title=patch-chat-done-confirmation
[11:21:01] elapsed=2348s busy=true review-user-1:WaitingForReply:-:lines=36:title=review user-agent | review-user-2:-:-:lines=34:title=review user-agent | review-user-3:-:-:lines=106:title=review user-agent | user-1:WaitingForReply:-:lines=146:title=vim-visual-mode-pane-selection | user-2:-:NeedsDecision:lines=133:title=selected-agent-slash-execution | user-3:-:NeedsDecision:lines=145:title=patch-chat-done-confirmation
[11:21:11] elapsed=2358s busy=true review-user-1:WaitingForReply:-:lines=36:title=review user-agent | review-user-2:-:-:lines=34:title=review user-agent | review-user-3:-:-:lines=106:title=review user-agent | user-1:WaitingForReply:-:lines=152:title=vim-visual-mode-pane-selection | user-2:-:NeedsDecision:lines=133:title=selected-agent-slash-execution | user-3:-:NeedsDecision:lines=145:title=patch-chat-done-confirmation
[11:21:16] elapsed=2363s busy=true review-user-1:WaitingForReply:-:lines=36:title=review user-agent | review-user-2:-:-:lines=34:title=review user-agent | review-user-3:-:-:lines=106:title=review user-agent | user-1:WaitingForReply:-:lines=158:title=vim-visual-mode-pane-selection | user-2:-:NeedsDecision:lines=133:title=selected-agent-slash-execution | user-3:-:NeedsDecision:lines=145:title=patch-chat-done-confirmation
[11:21:47] elapsed=2394s busy=true review-user-1:WaitingForReply:-:lines=36:title=review user-agent | review-user-2:-:-:lines=34:title=review user-agent | review-user-3:-:-:lines=106:title=review user-agent | user-1:WaitingForReply:-:lines=159:title=vim-visual-mode-pane-selection | user-2:-:NeedsDecision:lines=133:title=selected-agent-slash-execution | user-3:-:NeedsDecision:lines=145:title=patch-chat-done-confirmation
[11:21:52] elapsed=2399s busy=true review-user-1:WaitingForReply:-:lines=36:title=review user-agent | review-user-2:-:-:lines=34:title=review user-agent | review-user-3:-:-:lines=106:title=review user-agent | user-1:WaitingForReply:-:lines=163:title=vim-visual-mode-pane-selection | user-2:-:NeedsDecision:lines=133:title=selected-agent-slash-execution | user-3:-:NeedsDecision:lines=145:title=patch-chat-done-confirmation
[11:21:57] elapsed=2404s busy=true review-user-1:WaitingForReply:-:lines=36:title=review user-agent | review-user-2:-:-:lines=34:title=review user-agent | review-user-3:-:-:lines=106:title=review user-agent | user-1:WaitingForReply:-:lines=165:title=vim-visual-mode-pane-selection | user-2:-:NeedsDecision:lines=133:title=selected-agent-slash-execution | user-3:-:NeedsDecision:lines=145:title=patch-chat-done-confirmation
[11:22:07] elapsed=2414s busy=true review-user-1:WaitingForReply:-:lines=36:title=review user-agent | review-user-2:-:-:lines=34:title=review user-agent | review-user-3:-:-:lines=106:title=review user-agent | user-1:WaitingForReply:-:lines=167:title=vim-visual-mode-pane-selection | user-2:-:NeedsDecision:lines=133:title=selected-agent-slash-execution | user-3:-:NeedsDecision:lines=145:title=patch-chat-done-confirmation
[11:22:12] elapsed=2419s busy=true review-user-1:WaitingForReply:-:lines=36:title=review user-agent | review-user-2:-:-:lines=34:title=review user-agent | review-user-3:-:-:lines=106:title=review user-agent | user-1:WaitingForReply:-:lines=169:title=vim-visual-mode-pane-selection | user-2:-:NeedsDecision:lines=133:title=selected-agent-slash-execution | user-3:-:NeedsDecision:lines=145:title=patch-chat-done-confirmation
[11:23:13] elapsed=2480s busy=true review-user-1:WaitingForReply:-:lines=36:title=review user-agent | review-user-2:-:-:lines=34:title=review user-agent | review-user-3:-:-:lines=106:title=review user-agent | user-1:WaitingForReply:-:lines=171:title=vim-visual-mode-pane-selection | user-2:-:NeedsDecision:lines=133:title=selected-agent-slash-execution | user-3:-:NeedsDecision:lines=145:title=patch-chat-done-confirmation
[11:23:28] elapsed=2495s busy=true review-user-1:WaitingForReply:-:lines=36:title=review user-agent | review-user-2:-:-:lines=34:title=review user-agent | review-user-3:-:-:lines=106:title=review user-agent | user-1:WaitingForReply:-:lines=174:title=vim-visual-mode-pane-selection | user-2:-:NeedsDecision:lines=133:title=selected-agent-slash-execution | user-3:-:NeedsDecision:lines=145:title=patch-chat-done-confirmation
[11:23:33] elapsed=2500s busy=true review-user-1:WaitingForReply:-:lines=36:title=review user-agent | review-user-2:-:-:lines=34:title=review user-agent | review-user-3:-:-:lines=106:title=review user-agent | user-1:WaitingForReply:-:lines=176:title=vim-visual-mode-pane-selection | user-2:-:NeedsDecision:lines=133:title=selected-agent-slash-execution | user-3:-:NeedsDecision:lines=145:title=patch-chat-done-confirmation
[11:23:38] elapsed=2505s busy=true review-user-1:WaitingForReply:-:lines=37:title=review user-agent | review-user-2:-:-:lines=34:title=review user-agent | review-user-3:-:-:lines=106:title=review user-agent | user-1:WaitingForReply:-:lines=177:title=vim-visual-mode-pane-selection | user-2:-:NeedsDecision:lines=133:title=selected-agent-slash-execution | user-3:-:NeedsDecision:lines=145:title=patch-chat-done-confirmation
[11:23:44] elapsed=2510s busy=true review-user-1:WaitingForReply:-:lines=39:title=review user-agent | review-user-2:-:-:lines=34:title=review user-agent | review-user-3:-:-:lines=106:title=review user-agent | user-1:WaitingForReply:-:lines=177:title=vim-visual-mode-pane-selection | user-2:-:NeedsDecision:lines=133:title=selected-agent-slash-execution | user-3:-:NeedsDecision:lines=145:title=patch-chat-done-confirmation
[11:24:39] elapsed=2566s busy=false review-user-1:-:-:lines=41:title=review user-agent | review-user-2:-:-:lines=34:title=review user-agent | review-user-3:-:-:lines=106:title=review user-agent | user-1:-:NeedsDecision:lines=179:title=vim-visual-mode-pane-selection | user-2:-:NeedsDecision:lines=133:title=selected-agent-slash-execution | user-3:-:NeedsDecision:lines=145:title=patch-chat-done-confirmation
[11:24:39] all patch agents done and 3 patch-agent commit(s) reviewed; launching force-linearize
[11:24:44] elapsed=2571s busy=true linearize:Launching:-:lines=0:title=linearize reviewed patches | review-user-1:-:-:lines=42:title=review user-agent | review-user-2:-:-:lines=35:title=review user-agent | review-user-3:-:-:lines=107:title=review user-agent | user-1:-:NeedsDecision:lines=180:title=vim-visual-mode-pane-selection | user-2:-:NeedsDecision:lines=134:title=selected-agent-slash-execution | user-3:-:NeedsDecision:lines=146:title=patch-chat-done-confirmation
[11:24:50] elapsed=2577s busy=true linearize:WaitingForReply:-:lines=2:title=linearize reviewed patches | review-user-1:-:-:lines=42:title=review user-agent | review-user-2:-:-:lines=35:title=review user-agent | review-user-3:-:-:lines=107:title=review user-agent | user-1:-:NeedsDecision:lines=180:title=vim-visual-mode-pane-selection | user-2:-:NeedsDecision:lines=134:title=selected-agent-slash-execution | user-3:-:NeedsDecision:lines=146:title=patch-chat-done-confirmation
[11:24:55] elapsed=2582s busy=true linearize:WaitingForReply:-:lines=9:title=linearize reviewed patches | review-user-1:-:-:lines=42:title=review user-agent | review-user-2:-:-:lines=35:title=review user-agent | review-user-3:-:-:lines=107:title=review user-agent | user-1:-:NeedsDecision:lines=180:title=vim-visual-mode-pane-selection | user-2:-:NeedsDecision:lines=134:title=selected-agent-slash-execution | user-3:-:NeedsDecision:lines=146:title=patch-chat-done-confirmation
[11:25:15] elapsed=2602s busy=true linearize:WaitingForReply:-:lines=18:title=linearize reviewed patches | review-user-1:-:-:lines=42:title=review user-agent | review-user-2:-:-:lines=35:title=review user-agent | review-user-3:-:-:lines=107:title=review user-agent | user-1:-:NeedsDecision:lines=180:title=vim-visual-mode-pane-selection | user-2:-:NeedsDecision:lines=134:title=selected-agent-slash-execution | user-3:-:NeedsDecision:lines=146:title=patch-chat-done-confirmation
[11:25:30] elapsed=2617s busy=true linearize:WaitingForReply:-:lines=27:title=linearize reviewed patches | review-user-1:-:-:lines=42:title=review user-agent | review-user-2:-:-:lines=35:title=review user-agent | review-user-3:-:-:lines=107:title=review user-agent | user-1:-:NeedsDecision:lines=180:title=vim-visual-mode-pane-selection | user-2:-:NeedsDecision:lines=134:title=selected-agent-slash-execution | user-3:-:NeedsDecision:lines=146:title=patch-chat-done-confirmation
[11:25:35] elapsed=2622s busy=true linearize:WaitingForReply:-:lines=36:title=linearize reviewed patches | review-user-1:-:-:lines=42:title=review user-agent | review-user-2:-:-:lines=35:title=review user-agent | review-user-3:-:-:lines=107:title=review user-agent | user-1:-:NeedsDecision:lines=180:title=vim-visual-mode-pane-selection | user-2:-:NeedsDecision:lines=134:title=selected-agent-slash-execution | user-3:-:NeedsDecision:lines=146:title=patch-chat-done-confirmation
[11:26:16] elapsed=2663s busy=false linearize:-:-:lines=37:title=linearize reviewed patches | review-user-1:-:-:lines=42:title=review user-agent | review-user-2:-:-:lines=35:title=review user-agent | review-user-3:-:-:lines=107:title=review user-agent | user-1:-:NeedsDecision:lines=180:title=vim-visual-mode-pane-selection | user-2:-:NeedsDecision:lines=134:title=selected-agent-slash-execution | user-3:-:NeedsDecision:lines=146:title=patch-chat-done-confirmation
[11:26:16] linearizer ready; accepting plan
[11:26:21] elapsed=2668s busy=true linearize:WaitingForReply:-:lines=39:title=linearize reviewed patches | review-user-1:-:-:lines=42:title=review user-agent | review-user-2:-:-:lines=35:title=review user-agent | review-user-3:-:-:lines=107:title=review user-agent | user-1:-:NeedsDecision:lines=180:title=vim-visual-mode-pane-selection | user-2:-:NeedsDecision:lines=134:title=selected-agent-slash-execution | user-3:-:NeedsDecision:lines=146:title=patch-chat-done-confirmation
[11:26:31] elapsed=2678s busy=true linearize:WaitingForReply:-:lines=40:title=linearize reviewed patches | review-user-1:-:-:lines=42:title=review user-agent | review-user-2:-:-:lines=35:title=review user-agent | review-user-3:-:-:lines=107:title=review user-agent | user-1:-:NeedsDecision:lines=180:title=vim-visual-mode-pane-selection | user-2:-:NeedsDecision:lines=134:title=selected-agent-slash-execution | user-3:-:NeedsDecision:lines=146:title=patch-chat-done-confirmation
[11:26:36] elapsed=2683s busy=true linearize:WaitingForReply:-:lines=43:title=linearize reviewed patches | review-user-1:-:-:lines=42:title=review user-agent | review-user-2:-:-:lines=35:title=review user-agent | review-user-3:-:-:lines=107:title=review user-agent | user-1:-:NeedsDecision:lines=180:title=vim-visual-mode-pane-selection | user-2:-:NeedsDecision:lines=134:title=selected-agent-slash-execution | user-3:-:NeedsDecision:lines=146:title=patch-chat-done-confirmation
[11:26:41] elapsed=2688s busy=true linearize:WaitingForReply:-:lines=46:title=linearize reviewed patches | review-user-1:-:-:lines=42:title=review user-agent | review-user-2:-:-:lines=35:title=review user-agent | review-user-3:-:-:lines=107:title=review user-agent | user-1:-:NeedsDecision:lines=180:title=vim-visual-mode-pane-selection | user-2:-:NeedsDecision:lines=134:title=selected-agent-slash-execution | user-3:-:NeedsDecision:lines=146:title=patch-chat-done-confirmation
[11:26:46] elapsed=2693s busy=true linearize:WaitingForReply:-:lines=48:title=linearize reviewed patches | review-user-1:-:-:lines=42:title=review user-agent | review-user-2:-:-:lines=35:title=review user-agent | review-user-3:-:-:lines=107:title=review user-agent | user-1:-:NeedsDecision:lines=180:title=vim-visual-mode-pane-selection | user-2:-:NeedsDecision:lines=134:title=selected-agent-slash-execution | user-3:-:NeedsDecision:lines=146:title=patch-chat-done-confirmation
[11:26:51] elapsed=2698s busy=true linearize:WaitingForReply:-:lines=54:title=linearize reviewed patches | review-user-1:-:-:lines=42:title=review user-agent | review-user-2:-:-:lines=35:title=review user-agent | review-user-3:-:-:lines=107:title=review user-agent | user-1:-:NeedsDecision:lines=180:title=vim-visual-mode-pane-selection | user-2:-:NeedsDecision:lines=134:title=selected-agent-slash-execution | user-3:-:NeedsDecision:lines=146:title=patch-chat-done-confirmation
[11:26:57] elapsed=2704s busy=true linearize:WaitingForReply:-:lines=56:title=linearize reviewed patches | review-user-1:-:-:lines=42:title=review user-agent | review-user-2:-:-:lines=35:title=review user-agent | review-user-3:-:-:lines=107:title=review user-agent | user-1:-:NeedsDecision:lines=180:title=vim-visual-mode-pane-selection | user-2:-:NeedsDecision:lines=134:title=selected-agent-slash-execution | user-3:-:NeedsDecision:lines=146:title=patch-chat-done-confirmation
[11:27:02] elapsed=2709s busy=true linearize:WaitingForReply:-:lines=59:title=linearize reviewed patches | review-user-1:-:-:lines=42:title=review user-agent | review-user-2:-:-:lines=35:title=review user-agent | review-user-3:-:-:lines=107:title=review user-agent | user-1:-:NeedsDecision:lines=180:title=vim-visual-mode-pane-selection | user-2:-:NeedsDecision:lines=134:title=selected-agent-slash-execution | user-3:-:NeedsDecision:lines=146:title=patch-chat-done-confirmation
[11:27:12] elapsed=2719s busy=true linearize:WaitingForReply:-:lines=67:title=linearize reviewed patches | review-user-1:-:-:lines=42:title=review user-agent | review-user-2:-:-:lines=35:title=review user-agent | review-user-3:-:-:lines=107:title=review user-agent | user-1:-:NeedsDecision:lines=180:title=vim-visual-mode-pane-selection | user-2:-:NeedsDecision:lines=134:title=selected-agent-slash-execution | user-3:-:NeedsDecision:lines=146:title=patch-chat-done-confirmation
[11:27:17] elapsed=2724s busy=true linearize:WaitingForReply:-:lines=69:title=linearize reviewed patches | review-user-1:-:-:lines=42:title=review user-agent | review-user-2:-:-:lines=35:title=review user-agent | review-user-3:-:-:lines=107:title=review user-agent | user-1:-:NeedsDecision:lines=180:title=vim-visual-mode-pane-selection | user-2:-:NeedsDecision:lines=134:title=selected-agent-slash-execution | user-3:-:NeedsDecision:lines=146:title=patch-chat-done-confirmation
[11:27:22] elapsed=2729s busy=true linearize:WaitingForReply:-:lines=74:title=linearize reviewed patches | review-user-1:-:-:lines=42:title=review user-agent | review-user-2:-:-:lines=35:title=review user-agent | review-user-3:-:-:lines=107:title=review user-agent | user-1:-:NeedsDecision:lines=180:title=vim-visual-mode-pane-selection | user-2:-:NeedsDecision:lines=134:title=selected-agent-slash-execution | user-3:-:NeedsDecision:lines=146:title=patch-chat-done-confirmation
[11:27:32] elapsed=2739s busy=true linearize:WaitingForReply:-:lines=75:title=linearize reviewed patches | review-user-1:-:-:lines=42:title=review user-agent | review-user-2:-:-:lines=35:title=review user-agent | review-user-3:-:-:lines=107:title=review user-agent | user-1:-:NeedsDecision:lines=180:title=vim-visual-mode-pane-selection | user-2:-:NeedsDecision:lines=134:title=selected-agent-slash-execution | user-3:-:NeedsDecision:lines=146:title=patch-chat-done-confirmation
[11:27:37] elapsed=2744s busy=true linearize:WaitingForReply:-:lines=77:title=linearize reviewed patches | review-user-1:-:-:lines=42:title=review user-agent | review-user-2:-:-:lines=35:title=review user-agent | review-user-3:-:-:lines=107:title=review user-agent | user-1:-:NeedsDecision:lines=180:title=vim-visual-mode-pane-selection | user-2:-:NeedsDecision:lines=134:title=selected-agent-slash-execution | user-3:-:NeedsDecision:lines=146:title=patch-chat-done-confirmation
[11:27:42] elapsed=2749s busy=true linearize:WaitingForReply:-:lines=85:title=linearize reviewed patches | review-user-1:-:-:lines=42:title=review user-agent | review-user-2:-:-:lines=35:title=review user-agent | review-user-3:-:-:lines=107:title=review user-agent | user-1:-:NeedsDecision:lines=180:title=vim-visual-mode-pane-selection | user-2:-:NeedsDecision:lines=134:title=selected-agent-slash-execution | user-3:-:NeedsDecision:lines=146:title=patch-chat-done-confirmation
[11:27:52] elapsed=2759s busy=true linearize:WaitingForReply:-:lines=88:title=linearize reviewed patches | review-user-1:-:-:lines=42:title=review user-agent | review-user-2:-:-:lines=35:title=review user-agent | review-user-3:-:-:lines=107:title=review user-agent | user-1:-:NeedsDecision:lines=180:title=vim-visual-mode-pane-selection | user-2:-:NeedsDecision:lines=134:title=selected-agent-slash-execution | user-3:-:NeedsDecision:lines=146:title=patch-chat-done-confirmation
[11:27:57] elapsed=2764s busy=true linearize:WaitingForReply:-:lines=90:title=linearize reviewed patches | review-user-1:-:-:lines=42:title=review user-agent | review-user-2:-:-:lines=35:title=review user-agent | review-user-3:-:-:lines=107:title=review user-agent | user-1:-:NeedsDecision:lines=180:title=vim-visual-mode-pane-selection | user-2:-:NeedsDecision:lines=134:title=selected-agent-slash-execution | user-3:-:NeedsDecision:lines=146:title=patch-chat-done-confirmation
[11:28:03] elapsed=2769s busy=true linearize:WaitingForReply:-:lines=97:title=linearize reviewed patches | review-user-1:-:-:lines=42:title=review user-agent | review-user-2:-:-:lines=35:title=review user-agent | review-user-3:-:-:lines=107:title=review user-agent | user-1:-:NeedsDecision:lines=180:title=vim-visual-mode-pane-selection | user-2:-:NeedsDecision:lines=134:title=selected-agent-slash-execution | user-3:-:NeedsDecision:lines=146:title=patch-chat-done-confirmation
[11:28:13] elapsed=2780s busy=true linearize:WaitingForReply:-:lines=98:title=linearize reviewed patches | review-user-1:-:-:lines=42:title=review user-agent | review-user-2:-:-:lines=35:title=review user-agent | review-user-3:-:-:lines=107:title=review user-agent | user-1:-:NeedsDecision:lines=180:title=vim-visual-mode-pane-selection | user-2:-:NeedsDecision:lines=134:title=selected-agent-slash-execution | user-3:-:NeedsDecision:lines=146:title=patch-chat-done-confirmation
[11:28:18] elapsed=2785s busy=true linearize:WaitingForReply:-:lines=100:title=linearize reviewed patches | review-user-1:-:-:lines=42:title=review user-agent | review-user-2:-:-:lines=35:title=review user-agent | review-user-3:-:-:lines=107:title=review user-agent | user-1:-:NeedsDecision:lines=180:title=vim-visual-mode-pane-selection | user-2:-:NeedsDecision:lines=134:title=selected-agent-slash-execution | user-3:-:NeedsDecision:lines=146:title=patch-chat-done-confirmation
[11:28:23] elapsed=2790s busy=true linearize:WaitingForReply:-:lines=107:title=linearize reviewed patches | review-user-1:-:-:lines=42:title=review user-agent | review-user-2:-:-:lines=35:title=review user-agent | review-user-3:-:-:lines=107:title=review user-agent | user-1:-:NeedsDecision:lines=180:title=vim-visual-mode-pane-selection | user-2:-:NeedsDecision:lines=134:title=selected-agent-slash-execution | user-3:-:NeedsDecision:lines=146:title=patch-chat-done-confirmation
[11:28:28] elapsed=2795s busy=true linearize:WaitingForReply:-:lines=109:title=linearize reviewed patches | review-user-1:-:-:lines=42:title=review user-agent | review-user-2:-:-:lines=35:title=review user-agent | review-user-3:-:-:lines=107:title=review user-agent | user-1:-:NeedsDecision:lines=180:title=vim-visual-mode-pane-selection | user-2:-:NeedsDecision:lines=134:title=selected-agent-slash-execution | user-3:-:NeedsDecision:lines=146:title=patch-chat-done-confirmation
[11:28:48] elapsed=2815s busy=true linearize:WaitingForReply:-:lines=118:title=linearize reviewed patches | review-user-1:-:-:lines=42:title=review user-agent | review-user-2:-:-:lines=35:title=review user-agent | review-user-3:-:-:lines=107:title=review user-agent | user-1:-:NeedsDecision:lines=180:title=vim-visual-mode-pane-selection | user-2:-:NeedsDecision:lines=134:title=selected-agent-slash-execution | user-3:-:NeedsDecision:lines=146:title=patch-chat-done-confirmation
[11:28:53] elapsed=2820s busy=true linearize:WaitingForReply:-:lines=121:title=linearize reviewed patches | review-user-1:-:-:lines=42:title=review user-agent | review-user-2:-:-:lines=35:title=review user-agent | review-user-3:-:-:lines=107:title=review user-agent | user-1:-:NeedsDecision:lines=180:title=vim-visual-mode-pane-selection | user-2:-:NeedsDecision:lines=134:title=selected-agent-slash-execution | user-3:-:NeedsDecision:lines=146:title=patch-chat-done-confirmation
[11:29:03] elapsed=2830s busy=true linearize:WaitingForReply:-:lines=124:title=linearize reviewed patches | review-user-1:-:-:lines=42:title=review user-agent | review-user-2:-:-:lines=35:title=review user-agent | review-user-3:-:-:lines=107:title=review user-agent | user-1:-:NeedsDecision:lines=180:title=vim-visual-mode-pane-selection | user-2:-:NeedsDecision:lines=134:title=selected-agent-slash-execution | user-3:-:NeedsDecision:lines=146:title=patch-chat-done-confirmation
[11:29:09] elapsed=2836s busy=true linearize:WaitingForReply:-:lines=126:title=linearize reviewed patches | review-user-1:-:-:lines=42:title=review user-agent | review-user-2:-:-:lines=35:title=review user-agent | review-user-3:-:-:lines=107:title=review user-agent | user-1:-:NeedsDecision:lines=180:title=vim-visual-mode-pane-selection | user-2:-:NeedsDecision:lines=134:title=selected-agent-slash-execution | user-3:-:NeedsDecision:lines=146:title=patch-chat-done-confirmation
[11:29:14] elapsed=2841s busy=true linearize:WaitingForReply:-:lines=135:title=linearize reviewed patches | review-user-1:-:-:lines=42:title=review user-agent | review-user-2:-:-:lines=35:title=review user-agent | review-user-3:-:-:lines=107:title=review user-agent | user-1:-:NeedsDecision:lines=180:title=vim-visual-mode-pane-selection | user-2:-:NeedsDecision:lines=134:title=selected-agent-slash-execution | user-3:-:NeedsDecision:lines=146:title=patch-chat-done-confirmation
[11:29:19] elapsed=2846s busy=true linearize:WaitingForReply:-:lines=138:title=linearize reviewed patches | review-user-1:-:-:lines=42:title=review user-agent | review-user-2:-:-:lines=35:title=review user-agent | review-user-3:-:-:lines=107:title=review user-agent | user-1:-:NeedsDecision:lines=180:title=vim-visual-mode-pane-selection | user-2:-:NeedsDecision:lines=134:title=selected-agent-slash-execution | user-3:-:NeedsDecision:lines=146:title=patch-chat-done-confirmation
[11:29:29] elapsed=2856s busy=true linearize:WaitingForReply:-:lines=147:title=linearize reviewed patches | review-user-1:-:-:lines=42:title=review user-agent | review-user-2:-:-:lines=35:title=review user-agent | review-user-3:-:-:lines=107:title=review user-agent | user-1:-:NeedsDecision:lines=180:title=vim-visual-mode-pane-selection | user-2:-:NeedsDecision:lines=134:title=selected-agent-slash-execution | user-3:-:NeedsDecision:lines=146:title=patch-chat-done-confirmation
[11:29:59] elapsed=2886s busy=true linearize:WaitingForReply:-:lines=148:title=linearize reviewed patches | review-user-1:-:-:lines=42:title=review user-agent | review-user-2:-:-:lines=35:title=review user-agent | review-user-3:-:-:lines=107:title=review user-agent | user-1:-:NeedsDecision:lines=180:title=vim-visual-mode-pane-selection | user-2:-:NeedsDecision:lines=134:title=selected-agent-slash-execution | user-3:-:NeedsDecision:lines=146:title=patch-chat-done-confirmation
[11:30:04] elapsed=2891s busy=true linearize:WaitingForReply:-:lines=150:title=linearize reviewed patches | review-user-1:-:-:lines=42:title=review user-agent | review-user-2:-:-:lines=35:title=review user-agent | review-user-3:-:-:lines=107:title=review user-agent | user-1:-:NeedsDecision:lines=180:title=vim-visual-mode-pane-selection | user-2:-:NeedsDecision:lines=134:title=selected-agent-slash-execution | user-3:-:NeedsDecision:lines=146:title=patch-chat-done-confirmation
[11:30:10] elapsed=2896s busy=true linearize:WaitingForReply:-:lines=152:title=linearize reviewed patches | review-user-1:-:-:lines=42:title=review user-agent | review-user-2:-:-:lines=35:title=review user-agent | review-user-3:-:-:lines=107:title=review user-agent | user-1:-:NeedsDecision:lines=180:title=vim-visual-mode-pane-selection | user-2:-:NeedsDecision:lines=134:title=selected-agent-slash-execution | user-3:-:NeedsDecision:lines=146:title=patch-chat-done-confirmation
[11:30:20] elapsed=2907s busy=true linearize:WaitingForReply:-:lines=153:title=linearize reviewed patches | review-user-1:-:-:lines=42:title=review user-agent | review-user-2:-:-:lines=35:title=review user-agent | review-user-3:-:-:lines=107:title=review user-agent | user-1:-:NeedsDecision:lines=180:title=vim-visual-mode-pane-selection | user-2:-:NeedsDecision:lines=134:title=selected-agent-slash-execution | user-3:-:NeedsDecision:lines=146:title=patch-chat-done-confirmation
[11:30:30] elapsed=2917s busy=true linearize:WaitingForReply:-:lines=155:title=linearize reviewed patches | review-user-1:-:-:lines=42:title=review user-agent | review-user-2:-:-:lines=35:title=review user-agent | review-user-3:-:-:lines=107:title=review user-agent | user-1:-:NeedsDecision:lines=180:title=vim-visual-mode-pane-selection | user-2:-:NeedsDecision:lines=134:title=selected-agent-slash-execution | user-3:-:NeedsDecision:lines=146:title=patch-chat-done-confirmation
[11:30:40] elapsed=2927s busy=true linearize:WaitingForReply:-:lines=157:title=linearize reviewed patches | review-user-1:-:-:lines=42:title=review user-agent | review-user-2:-:-:lines=35:title=review user-agent | review-user-3:-:-:lines=107:title=review user-agent | user-1:-:NeedsDecision:lines=180:title=vim-visual-mode-pane-selection | user-2:-:NeedsDecision:lines=134:title=selected-agent-slash-execution | user-3:-:NeedsDecision:lines=146:title=patch-chat-done-confirmation
[11:30:45] elapsed=2932s busy=true linearize:WaitingForReply:-:lines=159:title=linearize reviewed patches | review-user-1:-:-:lines=42:title=review user-agent | review-user-2:-:-:lines=35:title=review user-agent | review-user-3:-:-:lines=107:title=review user-agent | user-1:-:NeedsDecision:lines=180:title=vim-visual-mode-pane-selection | user-2:-:NeedsDecision:lines=134:title=selected-agent-slash-execution | user-3:-:NeedsDecision:lines=146:title=patch-chat-done-confirmation
[11:30:50] elapsed=2937s busy=true linearize:WaitingForReply:-:lines=160:title=linearize reviewed patches | review-user-1:-:-:lines=42:title=review user-agent | review-user-2:-:-:lines=35:title=review user-agent | review-user-3:-:-:lines=107:title=review user-agent | user-1:-:NeedsDecision:lines=180:title=vim-visual-mode-pane-selection | user-2:-:NeedsDecision:lines=134:title=selected-agent-slash-execution | user-3:-:NeedsDecision:lines=146:title=patch-chat-done-confirmation
[11:30:55] elapsed=2942s busy=true linearize:WaitingForReply:-:lines=162:title=linearize reviewed patches | review-user-1:-:-:lines=42:title=review user-agent | review-user-2:-:-:lines=35:title=review user-agent | review-user-3:-:-:lines=107:title=review user-agent | user-1:-:NeedsDecision:lines=180:title=vim-visual-mode-pane-selection | user-2:-:NeedsDecision:lines=134:title=selected-agent-slash-execution | user-3:-:NeedsDecision:lines=146:title=patch-chat-done-confirmation
[11:31:00] elapsed=2947s busy=true linearize:WaitingForReply:-:lines=164:title=linearize reviewed patches | review-user-1:-:-:lines=42:title=review user-agent | review-user-2:-:-:lines=35:title=review user-agent | review-user-3:-:-:lines=107:title=review user-agent | user-1:-:NeedsDecision:lines=180:title=vim-visual-mode-pane-selection | user-2:-:NeedsDecision:lines=134:title=selected-agent-slash-execution | user-3:-:NeedsDecision:lines=146:title=patch-chat-done-confirmation
[11:31:05] elapsed=2952s busy=true linearize:WaitingForReply:-:lines=165:title=linearize reviewed patches | review-user-1:-:-:lines=42:title=review user-agent | review-user-2:-:-:lines=35:title=review user-agent | review-user-3:-:-:lines=107:title=review user-agent | user-1:-:NeedsDecision:lines=180:title=vim-visual-mode-pane-selection | user-2:-:NeedsDecision:lines=134:title=selected-agent-slash-execution | user-3:-:NeedsDecision:lines=146:title=patch-chat-done-confirmation
[11:31:10] elapsed=2957s busy=true linearize:WaitingForReply:-:lines=170:title=linearize reviewed patches | review-user-1:-:-:lines=42:title=review user-agent | review-user-2:-:-:lines=35:title=review user-agent | review-user-3:-:-:lines=107:title=review user-agent | user-1:-:NeedsDecision:lines=180:title=vim-visual-mode-pane-selection | user-2:-:NeedsDecision:lines=134:title=selected-agent-slash-execution | user-3:-:NeedsDecision:lines=146:title=patch-chat-done-confirmation
[11:31:21] elapsed=2968s busy=true linearize:WaitingForReply:-:lines=181:title=linearize reviewed patches | review-user-1:-:-:lines=42:title=review user-agent | review-user-2:-:-:lines=35:title=review user-agent | review-user-3:-:-:lines=107:title=review user-agent | user-1:-:NeedsDecision:lines=180:title=vim-visual-mode-pane-selection | user-2:-:NeedsDecision:lines=134:title=selected-agent-slash-execution | user-3:-:NeedsDecision:lines=146:title=patch-chat-done-confirmation
[11:31:31] elapsed=2978s busy=true linearize:WaitingForReply:-:lines=190:title=linearize reviewed patches | review-user-1:-:-:lines=42:title=review user-agent | review-user-2:-:-:lines=35:title=review user-agent | review-user-3:-:-:lines=107:title=review user-agent | user-1:-:NeedsDecision:lines=180:title=vim-visual-mode-pane-selection | user-2:-:NeedsDecision:lines=134:title=selected-agent-slash-execution | user-3:-:NeedsDecision:lines=146:title=patch-chat-done-confirmation
[11:31:36] elapsed=2983s busy=true linearize:WaitingForReply:-:lines=192:title=linearize reviewed patches | review-user-1:-:-:lines=42:title=review user-agent | review-user-2:-:-:lines=35:title=review user-agent | review-user-3:-:-:lines=107:title=review user-agent | user-1:-:NeedsDecision:lines=180:title=vim-visual-mode-pane-selection | user-2:-:NeedsDecision:lines=134:title=selected-agent-slash-execution | user-3:-:NeedsDecision:lines=146:title=patch-chat-done-confirmation
[11:31:41] elapsed=2988s busy=true linearize:WaitingForReply:-:lines=195:title=linearize reviewed patches | review-user-1:-:-:lines=42:title=review user-agent | review-user-2:-:-:lines=35:title=review user-agent | review-user-3:-:-:lines=107:title=review user-agent | user-1:-:NeedsDecision:lines=180:title=vim-visual-mode-pane-selection | user-2:-:NeedsDecision:lines=134:title=selected-agent-slash-execution | user-3:-:NeedsDecision:lines=146:title=patch-chat-done-confirmation
[11:31:46] elapsed=2993s busy=true linearize:WaitingForReply:-:lines=197:title=linearize reviewed patches | review-user-1:-:-:lines=42:title=review user-agent | review-user-2:-:-:lines=35:title=review user-agent | review-user-3:-:-:lines=107:title=review user-agent | user-1:-:NeedsDecision:lines=180:title=vim-visual-mode-pane-selection | user-2:-:NeedsDecision:lines=134:title=selected-agent-slash-execution | user-3:-:NeedsDecision:lines=146:title=patch-chat-done-confirmation
[11:31:56] elapsed=3003s busy=true linearize:WaitingForReply:-:lines=204:title=linearize reviewed patches | review-user-1:-:-:lines=42:title=review user-agent | review-user-2:-:-:lines=35:title=review user-agent | review-user-3:-:-:lines=107:title=review user-agent | user-1:-:NeedsDecision:lines=180:title=vim-visual-mode-pane-selection | user-2:-:NeedsDecision:lines=134:title=selected-agent-slash-execution | user-3:-:NeedsDecision:lines=146:title=patch-chat-done-confirmation
[11:32:11] elapsed=3018s busy=true linearize:WaitingForReply:-:lines=207:title=linearize reviewed patches | review-user-1:-:-:lines=42:title=review user-agent | review-user-2:-:-:lines=35:title=review user-agent | review-user-3:-:-:lines=107:title=review user-agent | user-1:-:NeedsDecision:lines=180:title=vim-visual-mode-pane-selection | user-2:-:NeedsDecision:lines=134:title=selected-agent-slash-execution | user-3:-:NeedsDecision:lines=146:title=patch-chat-done-confirmation
[11:32:16] elapsed=3023s busy=true linearize:WaitingForReply:-:lines=212:title=linearize reviewed patches | review-user-1:-:-:lines=42:title=review user-agent | review-user-2:-:-:lines=35:title=review user-agent | review-user-3:-:-:lines=107:title=review user-agent | user-1:-:NeedsDecision:lines=180:title=vim-visual-mode-pane-selection | user-2:-:NeedsDecision:lines=134:title=selected-agent-slash-execution | user-3:-:NeedsDecision:lines=146:title=patch-chat-done-confirmation
[11:32:32] elapsed=3039s busy=true linearize:WaitingForReply:-:lines=214:title=linearize reviewed patches | review-user-1:-:-:lines=42:title=review user-agent | review-user-2:-:-:lines=35:title=review user-agent | review-user-3:-:-:lines=107:title=review user-agent | user-1:-:NeedsDecision:lines=180:title=vim-visual-mode-pane-selection | user-2:-:NeedsDecision:lines=134:title=selected-agent-slash-execution | user-3:-:NeedsDecision:lines=146:title=patch-chat-done-confirmation
[11:32:42] elapsed=3049s busy=true linearize:WaitingForReply:-:lines=216:title=linearize reviewed patches | review-user-1:-:-:lines=42:title=review user-agent | review-user-2:-:-:lines=35:title=review user-agent | review-user-3:-:-:lines=107:title=review user-agent | user-1:-:NeedsDecision:lines=180:title=vim-visual-mode-pane-selection | user-2:-:NeedsDecision:lines=134:title=selected-agent-slash-execution | user-3:-:NeedsDecision:lines=146:title=patch-chat-done-confirmation
[11:32:57] elapsed=3064s busy=true linearize:WaitingForReply:-:lines=219:title=linearize reviewed patches | review-user-1:-:-:lines=42:title=review user-agent | review-user-2:-:-:lines=35:title=review user-agent | review-user-3:-:-:lines=107:title=review user-agent | user-1:-:NeedsDecision:lines=180:title=vim-visual-mode-pane-selection | user-2:-:NeedsDecision:lines=134:title=selected-agent-slash-execution | user-3:-:NeedsDecision:lines=146:title=patch-chat-done-confirmation
[11:33:07] elapsed=3074s busy=true linearize:WaitingForReply:-:lines=225:title=linearize reviewed patches | review-user-1:-:-:lines=42:title=review user-agent | review-user-2:-:-:lines=35:title=review user-agent | review-user-3:-:-:lines=107:title=review user-agent | user-1:-:NeedsDecision:lines=180:title=vim-visual-mode-pane-selection | user-2:-:NeedsDecision:lines=134:title=selected-agent-slash-execution | user-3:-:NeedsDecision:lines=146:title=patch-chat-done-confirmation
[11:33:33] elapsed=3100s busy=true linearize:WaitingForReply:-:lines=228:title=linearize reviewed patches | review-user-1:-:-:lines=42:title=review user-agent | review-user-2:-:-:lines=35:title=review user-agent | review-user-3:-:-:lines=107:title=review user-agent | user-1:-:NeedsDecision:lines=180:title=vim-visual-mode-pane-selection | user-2:-:NeedsDecision:lines=134:title=selected-agent-slash-execution | user-3:-:NeedsDecision:lines=146:title=patch-chat-done-confirmation
[11:33:43] elapsed=3110s busy=true linearize:WaitingForReply:-:lines=231:title=linearize reviewed patches | review-user-1:-:-:lines=42:title=review user-agent | review-user-2:-:-:lines=35:title=review user-agent | review-user-3:-:-:lines=107:title=review user-agent | user-1:-:NeedsDecision:lines=180:title=vim-visual-mode-pane-selection | user-2:-:NeedsDecision:lines=134:title=selected-agent-slash-execution | user-3:-:NeedsDecision:lines=146:title=patch-chat-done-confirmation
[11:33:58] elapsed=3125s busy=true linearize:WaitingForReply:-:lines=232:title=linearize reviewed patches | review-user-1:-:-:lines=42:title=review user-agent | review-user-2:-:-:lines=35:title=review user-agent | review-user-3:-:-:lines=107:title=review user-agent | user-1:-:NeedsDecision:lines=180:title=vim-visual-mode-pane-selection | user-2:-:NeedsDecision:lines=134:title=selected-agent-slash-execution | user-3:-:NeedsDecision:lines=146:title=patch-chat-done-confirmation
[11:34:03] elapsed=3130s busy=true linearize:WaitingForReply:-:lines=234:title=linearize reviewed patches | review-user-1:-:-:lines=42:title=review user-agent | review-user-2:-:-:lines=35:title=review user-agent | review-user-3:-:-:lines=107:title=review user-agent | user-1:-:NeedsDecision:lines=180:title=vim-visual-mode-pane-selection | user-2:-:NeedsDecision:lines=134:title=selected-agent-slash-execution | user-3:-:NeedsDecision:lines=146:title=patch-chat-done-confirmation
[11:34:18] elapsed=3145s busy=true linearize:WaitingForReply:-:lines=240:title=linearize reviewed patches | review-user-1:-:-:lines=42:title=review user-agent | review-user-2:-:-:lines=35:title=review user-agent | review-user-3:-:-:lines=107:title=review user-agent | user-1:-:NeedsDecision:lines=180:title=vim-visual-mode-pane-selection | user-2:-:NeedsDecision:lines=134:title=selected-agent-slash-execution | user-3:-:NeedsDecision:lines=146:title=patch-chat-done-confirmation
[11:34:34] elapsed=3161s busy=true linearize:WaitingForReply:-:lines=247:title=linearize reviewed patches | review-user-1:-:-:lines=42:title=review user-agent | review-user-2:-:-:lines=35:title=review user-agent | review-user-3:-:-:lines=107:title=review user-agent | user-1:-:NeedsDecision:lines=180:title=vim-visual-mode-pane-selection | user-2:-:NeedsDecision:lines=134:title=selected-agent-slash-execution | user-3:-:NeedsDecision:lines=146:title=patch-chat-done-confirmation
[11:34:39] elapsed=3166s busy=true linearize:WaitingForReply:-:lines=249:title=linearize reviewed patches | review-user-1:-:-:lines=42:title=review user-agent | review-user-2:-:-:lines=35:title=review user-agent | review-user-3:-:-:lines=107:title=review user-agent | user-1:-:NeedsDecision:lines=180:title=vim-visual-mode-pane-selection | user-2:-:NeedsDecision:lines=134:title=selected-agent-slash-execution | user-3:-:NeedsDecision:lines=146:title=patch-chat-done-confirmation
[11:34:54] elapsed=3181s busy=true linearize:WaitingForReply:-:lines=251:title=linearize reviewed patches | review-user-1:-:-:lines=42:title=review user-agent | review-user-2:-:-:lines=35:title=review user-agent | review-user-3:-:-:lines=107:title=review user-agent | user-1:-:NeedsDecision:lines=180:title=vim-visual-mode-pane-selection | user-2:-:NeedsDecision:lines=134:title=selected-agent-slash-execution | user-3:-:NeedsDecision:lines=146:title=patch-chat-done-confirmation
[11:34:59] elapsed=3186s busy=true linearize:WaitingForReply:-:lines=252:title=linearize reviewed patches | review-user-1:-:-:lines=42:title=review user-agent | review-user-2:-:-:lines=35:title=review user-agent | review-user-3:-:-:lines=107:title=review user-agent | user-1:-:NeedsDecision:lines=180:title=vim-visual-mode-pane-selection | user-2:-:NeedsDecision:lines=134:title=selected-agent-slash-execution | user-3:-:NeedsDecision:lines=146:title=patch-chat-done-confirmation
[11:35:04] elapsed=3191s busy=true linearize:WaitingForReply:-:lines=254:title=linearize reviewed patches | review-user-1:-:-:lines=42:title=review user-agent | review-user-2:-:-:lines=35:title=review user-agent | review-user-3:-:-:lines=107:title=review user-agent | user-1:-:NeedsDecision:lines=180:title=vim-visual-mode-pane-selection | user-2:-:NeedsDecision:lines=134:title=selected-agent-slash-execution | user-3:-:NeedsDecision:lines=146:title=patch-chat-done-confirmation
[11:35:14] elapsed=3201s busy=true linearize:WaitingForReply:-:lines=256:title=linearize reviewed patches | review-user-1:-:-:lines=42:title=review user-agent | review-user-2:-:-:lines=35:title=review user-agent | review-user-3:-:-:lines=107:title=review user-agent | user-1:-:NeedsDecision:lines=180:title=vim-visual-mode-pane-selection | user-2:-:NeedsDecision:lines=134:title=selected-agent-slash-execution | user-3:-:NeedsDecision:lines=146:title=patch-chat-done-confirmation
[11:35:19] elapsed=3206s busy=true linearize:WaitingForReply:-:lines=258:title=linearize reviewed patches | review-user-1:-:-:lines=42:title=review user-agent | review-user-2:-:-:lines=35:title=review user-agent | review-user-3:-:-:lines=107:title=review user-agent | user-1:-:NeedsDecision:lines=180:title=vim-visual-mode-pane-selection | user-2:-:NeedsDecision:lines=134:title=selected-agent-slash-execution | user-3:-:NeedsDecision:lines=146:title=patch-chat-done-confirmation
[11:35:24] elapsed=3211s busy=true linearize:WaitingForReply:-:lines=259:title=linearize reviewed patches | review-user-1:-:-:lines=42:title=review user-agent | review-user-2:-:-:lines=35:title=review user-agent | review-user-3:-:-:lines=107:title=review user-agent | user-1:-:NeedsDecision:lines=180:title=vim-visual-mode-pane-selection | user-2:-:NeedsDecision:lines=134:title=selected-agent-slash-execution | user-3:-:NeedsDecision:lines=146:title=patch-chat-done-confirmation
[11:35:29] elapsed=3216s busy=true linearize:WaitingForReply:-:lines=260:title=linearize reviewed patches | review-user-1:-:-:lines=42:title=review user-agent | review-user-2:-:-:lines=35:title=review user-agent | review-user-3:-:-:lines=107:title=review user-agent | user-1:-:NeedsDecision:lines=180:title=vim-visual-mode-pane-selection | user-2:-:NeedsDecision:lines=134:title=selected-agent-slash-execution | user-3:-:NeedsDecision:lines=146:title=patch-chat-done-confirmation
[11:35:40] elapsed=3227s busy=true linearize:WaitingForReply:-:lines=263:title=linearize reviewed patches | review-user-1:-:-:lines=42:title=review user-agent | review-user-2:-:-:lines=35:title=review user-agent | review-user-3:-:-:lines=107:title=review user-agent | user-1:-:NeedsDecision:lines=180:title=vim-visual-mode-pane-selection | user-2:-:NeedsDecision:lines=134:title=selected-agent-slash-execution | user-3:-:NeedsDecision:lines=146:title=patch-chat-done-confirmation
[11:35:50] elapsed=3237s busy=true linearize:WaitingForReply:-:lines=266:title=linearize reviewed patches | review-user-1:-:-:lines=42:title=review user-agent | review-user-2:-:-:lines=35:title=review user-agent | review-user-3:-:-:lines=107:title=review user-agent | user-1:-:NeedsDecision:lines=180:title=vim-visual-mode-pane-selection | user-2:-:NeedsDecision:lines=134:title=selected-agent-slash-execution | user-3:-:NeedsDecision:lines=146:title=patch-chat-done-confirmation
[11:35:55] elapsed=3242s busy=true linearize:WaitingForReply:-:lines=268:title=linearize reviewed patches | review-user-1:-:-:lines=42:title=review user-agent | review-user-2:-:-:lines=35:title=review user-agent | review-user-3:-:-:lines=107:title=review user-agent | user-1:-:NeedsDecision:lines=180:title=vim-visual-mode-pane-selection | user-2:-:NeedsDecision:lines=134:title=selected-agent-slash-execution | user-3:-:NeedsDecision:lines=146:title=patch-chat-done-confirmation
[11:36:00] elapsed=3247s busy=true linearize:WaitingForReply:-:lines=269:title=linearize reviewed patches | review-user-1:-:-:lines=42:title=review user-agent | review-user-2:-:-:lines=35:title=review user-agent | review-user-3:-:-:lines=107:title=review user-agent | user-1:-:NeedsDecision:lines=180:title=vim-visual-mode-pane-selection | user-2:-:NeedsDecision:lines=134:title=selected-agent-slash-execution | user-3:-:NeedsDecision:lines=146:title=patch-chat-done-confirmation
[11:36:05] elapsed=3252s busy=true linearize:WaitingForReply:-:lines=270:title=linearize reviewed patches | review-user-1:-:-:lines=42:title=review user-agent | review-user-2:-:-:lines=35:title=review user-agent | review-user-3:-:-:lines=107:title=review user-agent | user-1:-:NeedsDecision:lines=180:title=vim-visual-mode-pane-selection | user-2:-:NeedsDecision:lines=134:title=selected-agent-slash-execution | user-3:-:NeedsDecision:lines=146:title=patch-chat-done-confirmation
[11:36:10] elapsed=3257s busy=true linearize:WaitingForReply:-:lines=271:title=linearize reviewed patches | review-user-1:-:-:lines=42:title=review user-agent | review-user-2:-:-:lines=35:title=review user-agent | review-user-3:-:-:lines=107:title=review user-agent | user-1:-:NeedsDecision:lines=180:title=vim-visual-mode-pane-selection | user-2:-:NeedsDecision:lines=134:title=selected-agent-slash-execution | user-3:-:NeedsDecision:lines=146:title=patch-chat-done-confirmation
[11:36:15] elapsed=3262s busy=true linearize:WaitingForReply:-:lines=272:title=linearize reviewed patches | review-user-1:-:-:lines=42:title=review user-agent | review-user-2:-:-:lines=35:title=review user-agent | review-user-3:-:-:lines=107:title=review user-agent | user-1:-:NeedsDecision:lines=180:title=vim-visual-mode-pane-selection | user-2:-:NeedsDecision:lines=134:title=selected-agent-slash-execution | user-3:-:NeedsDecision:lines=146:title=patch-chat-done-confirmation
[11:36:25] elapsed=3272s busy=true linearize:WaitingForReply:-:lines=273:title=linearize reviewed patches | review-user-1:-:-:lines=42:title=review user-agent | review-user-2:-:-:lines=35:title=review user-agent | review-user-3:-:-:lines=107:title=review user-agent | user-1:-:NeedsDecision:lines=180:title=vim-visual-mode-pane-selection | user-2:-:NeedsDecision:lines=134:title=selected-agent-slash-execution | user-3:-:NeedsDecision:lines=146:title=patch-chat-done-confirmation
[11:36:35] elapsed=3282s busy=true linearize:WaitingForReply:-:lines=282:title=linearize reviewed patches | review-user-1:-:-:lines=42:title=review user-agent | review-user-2:-:-:lines=35:title=review user-agent | review-user-3:-:-:lines=107:title=review user-agent | user-1:-:NeedsDecision:lines=180:title=vim-visual-mode-pane-selection | user-2:-:NeedsDecision:lines=134:title=selected-agent-slash-execution | user-3:-:NeedsDecision:lines=146:title=patch-chat-done-confirmation
[11:36:56] elapsed=3303s busy=false linearize:-:-:lines=284:title=linearize reviewed patches | review-user-1:-:-:lines=42:title=review user-agent | review-user-2:-:-:lines=35:title=review user-agent | review-user-3:-:-:lines=107:title=review user-agent | user-1:-:NeedsDecision:lines=180:title=vim-visual-mode-pane-selection | user-2:-:NeedsDecision:lines=134:title=selected-agent-slash-execution | user-3:-:NeedsDecision:lines=146:title=patch-chat-done-confirmation
[11:36:56] running final code quality checks
[11:37:01] bench report: /home/user/src/work-leaf/bench-results/parallel-current-6c-20260624T104153+0200/runs/run-6/parallel-current-6c-20260624T104153+0200-r6-three-feature-bench.md
